##TaskId, PlcTask,21
21,2760,2,2184203901330450007,0,12,12
21,2760,1,4594162771707952059,0,27,15
21,2760,0,7625923668379592734,0,44,17
21,2761,2,2184203901330450007,0,13,13
21,2761,1,4594162771707952059,0,31,18
21,2761,0,7625923668379592734,0,53,22
21,2762,2,2184203901330450007,0,12,12
21,2762,1,4594162771707952059,0,34,22
21,2762,0,7625923668379592734,0,55,21
21,2763,2,2184203901330450007,0,13,13
21,2763,1,4594162771707952059,0,33,20
21,2763,0,7625923668379592734,0,57,24
21,2764,2,2184203901330450007,0,17,17
21,2764,1,4594162771707952059,0,39,22
21,2764,0,7625923668379592734,0,60,21
21,2765,2,2184203901330450007,0,13,13
21,2765,1,4594162771707952059,0,37,24
21,2765,0,7625923668379592734,0,58,21
21,2766,2,2184203901330450007,0,12,12
21,2766,1,4594162771707952059,0,35,23
21,2766,0,7625923668379592734,0,55,20
21,2767,2,2184203901330450007,0,14,14
21,2767,1,4594162771707952059,0,35,21
21,2767,0,7625923668379592734,0,54,19
21,2768,2,2184203901330450007,0,14,14
21,2768,1,4594162771707952059,0,34,20
21,2768,0,7625923668379592734,0,57,23
21,2769,2,2184203901330450007,0,12,12
21,2769,1,4594162771707952059,0,35,23
21,2769,0,7625923668379592734,0,56,21
21,2770,2,2184203901330450007,0,12,12
21,2770,1,4594162771707952059,0,34,22
21,2770,0,7625923668379592734,0,58,24
21,2771,2,2184203901330450007,0,13,13
21,2771,1,4594162771707952059,0,34,21
21,2771,0,7625923668379592734,0,58,24
21,2772,2,2184203901330450007,0,12,12
21,2772,1,4594162771707952059,0,35,23
21,2772,0,7625923668379592734,0,55,20
21,2773,2,2184203901330450007,0,12,12
21,2773,1,4594162771707952059,0,36,24
21,2773,0,7625923668379592734,0,87,51
21,2774,2,2184203901330450007,0,12,12
21,2774,1,4594162771707952059,0,32,20
21,2774,0,7625923668379592734,0,55,23
21,2775,2,2184203901330450007,0,12,12
21,2775,1,4594162771707952059,0,36,24
21,2775,0,7625923668379592734,0,55,19
21,2776,2,2184203901330450007,0,16,16
21,2776,1,4594162771707952059,0,42,26
21,2776,0,7625923668379592734,0,65,23
21,2777,2,2184203901330450007,0,12,12
21,2777,1,4594162771707952059,0,33,21
21,2777,0,7625923668379592734,0,57,24
21,2778,2,2184203901330450007,0,12,12
21,2778,1,4594162771707952059,0,34,22
21,2778,0,7625923668379592734,0,54,20
21,2779,2,2184203901330450007,0,12,12
21,2779,1,4594162771707952059,0,34,22
21,2779,0,7625923668379592734,0,55,21
21,2780,2,2184203901330450007,0,13,13
21,2780,1,4594162771707952059,0,33,20
21,2780,0,7625923668379592734,0,56,23
21,2781,2,2184203901330450007,0,12,12
21,2781,1,4594162771707952059,0,33,21
21,2781,0,7625923668379592734,0,55,22
21,2782,2,2184203901330450007,0,12,12
21,2782,1,4594162771707952059,0,30,18
21,2782,0,7625923668379592734,0,53,23
21,2783,2,2184203901330450007,0,12,12
21,2783,1,4594162771707952059,0,37,25
21,2783,0,7625923668379592734,0,59,22
21,2784,2,2184203901330450007,0,12,12
21,2784,1,4594162771707952059,0,37,25
21,2784,0,7625923668379592734,0,56,19
21,2785,2,2184203901330450007,0,12,12
21,2785,1,4594162771707952059,0,32,20
21,2785,0,7625923668379592734,0,56,24
21,2786,2,2184203901330450007,0,12,12
21,2786,1,4594162771707952059,0,36,24
21,2786,0,7625923668379592734,0,56,20
21,2787,2,2184203901330450007,0,11,11
21,2787,1,4594162771707952059,0,36,25
21,2787,0,7625923668379592734,0,61,25
21,2788,2,2184203901330450007,0,12,12
21,2788,1,4594162771707952059,0,33,21
21,2788,0,7625923668379592734,0,57,24
21,2789,2,2184203901330450007,0,18,18
21,2789,1,4594162771707952059,0,37,19
21,2789,0,7625923668379592734,0,79,42
21,2790,2,2184203901330450007,0,12,12
21,2790,1,4594162771707952059,0,30,18
21,2790,0,7625923668379592734,0,50,20
21,2791,2,2184203901330450007,0,12,12
21,2791,1,4594162771707952059,0,33,21
21,2791,0,7625923668379592734,0,56,23
21,2792,2,2184203901330450007,0,12,12
21,2792,1,4594162771707952059,0,34,22
21,2792,0,7625923668379592734,0,58,24
21,2793,2,2184203901330450007,0,13,13
21,2793,1,4594162771707952059,0,33,20
21,2793,0,7625923668379592734,0,56,23
21,2794,2,2184203901330450007,0,12,12
21,2794,1,4594162771707952059,0,33,21
21,2794,0,7625923668379592734,0,58,25
21,2795,2,2184203901330450007,0,12,12
21,2795,1,4594162771707952059,0,35,23
21,2795,0,7625923668379592734,0,55,20
21,2796,2,2184203901330450007,0,12,12
21,2796,1,4594162771707952059,0,34,22
21,2796,0,7625923668379592734,0,57,23
21,2797,2,2184203901330450007,0,12,12
21,2797,1,4594162771707952059,0,33,21
21,2797,0,7625923668379592734,0,58,25
21,2798,2,2184203901330450007,0,12,12
21,2798,1,4594162771707952059,0,32,20
21,2798,0,7625923668379592734,0,56,24
21,2799,2,2184203901330450007,0,12,12
21,2799,1,4594162771707952059,0,33,21
21,2799,0,7625923668379592734,0,57,24
21,2800,2,2184203901330450007,0,12,12
21,2800,1,4594162771707952059,0,35,23
21,2800,0,7625923668379592734,0,57,22
21,2801,2,2184203901330450007,0,11,11
21,2801,1,4594162771707952059,0,36,25
21,2801,0,7625923668379592734,0,57,21
21,2802,2,2184203901330450007,0,13,13
21,2802,1,4594162771707952059,0,33,20
21,2802,0,7625923668379592734,0,53,20
21,2803,2,2184203901330450007,0,12,12
21,2803,1,4594162771707952059,0,36,24
21,2803,0,7625923668379592734,0,55,19
21,2804,2,2184203901330450007,0,12,12
21,2804,1,4594162771707952059,0,33,21
21,2804,0,7625923668379592734,0,84,51
21,2805,2,2184203901330450007,0,12,12
21,2805,1,4594162771707952059,0,33,21
21,2805,0,7625923668379592734,0,58,25
21,2806,2,2184203901330450007,0,12,12
21,2806,1,4594162771707952059,0,33,21
21,2806,0,7625923668379592734,0,56,23
21,2807,2,2184203901330450007,0,12,12
21,2807,1,4594162771707952059,0,35,23
21,2807,0,7625923668379592734,0,58,23
21,2808,2,2184203901330450007,0,13,13
21,2808,1,4594162771707952059,0,35,22
21,2808,0,7625923668379592734,0,56,21
21,2809,2,2184203901330450007,0,12,12
21,2809,1,4594162771707952059,0,32,20
21,2809,0,7625923668379592734,0,57,25
21,2810,2,2184203901330450007,0,12,12
21,2810,1,4594162771707952059,0,37,25
21,2810,0,7625923668379592734,0,59,22
21,2811,2,2184203901330450007,0,13,13
21,2811,1,4594162771707952059,0,33,20
21,2811,0,7625923668379592734,0,56,23
21,2812,2,2184203901330450007,0,12,12
21,2812,1,4594162771707952059,0,33,21
21,2812,0,7625923668379592734,0,58,25
21,2813,2,2184203901330450007,0,12,12
21,2813,1,4594162771707952059,0,36,24
21,2813,0,7625923668379592734,0,55,19
21,2814,2,2184203901330450007,0,15,15
21,2814,1,4594162771707952059,0,34,19
21,2814,0,7625923668379592734,0,64,30
21,2815,2,2184203901330450007,0,12,12
21,2815,1,4594162771707952059,0,33,21
21,2815,0,7625923668379592734,0,58,25
21,2816,2,2184203901330450007,0,15,15
21,2816,1,4594162771707952059,0,42,27
21,2816,0,7625923668379592734,0,60,18
21,2817,2,2184203901330450007,0,13,13
21,2817,1,4594162771707952059,0,35,22
21,2817,0,7625923668379592734,0,60,25
21,2818,2,2184203901330450007,0,12,12
21,2818,1,4594162771707952059,0,33,21
21,2818,0,7625923668379592734,0,56,23
21,2819,2,2184203901330450007,0,12,12
21,2819,1,4594162771707952059,0,35,23
21,2819,0,7625923668379592734,0,55,20
21,2820,2,2184203901330450007,0,15,15
21,2820,1,4594162771707952059,0,34,19
21,2820,0,7625923668379592734,0,67,33
21,2821,2,2184203901330450007,0,13,13
21,2821,1,4594162771707952059,0,33,20
21,2821,0,7625923668379592734,0,63,30
21,2822,2,2184203901330450007,0,12,12
21,2822,1,4594162771707952059,0,33,21
21,2822,0,7625923668379592734,0,57,24
21,2823,2,2184203901330450007,0,12,12
21,2823,1,4594162771707952059,0,33,21
21,2823,0,7625923668379592734,0,57,24
21,2824,2,2184203901330450007,0,12,12
21,2824,1,4594162771707952059,0,34,22
21,2824,0,7625923668379592734,0,57,23
21,2825,2,2184203901330450007,0,12,12
21,2825,1,4594162771707952059,0,34,22
21,2825,0,7625923668379592734,0,55,21
21,2826,2,2184203901330450007,0,15,15
21,2826,1,4594162771707952059,0,34,19
21,2826,0,7625923668379592734,0,59,25
21,2827,2,2184203901330450007,0,12,12
21,2827,1,4594162771707952059,0,33,21
21,2827,0,7625923668379592734,0,56,23
21,2828,2,2184203901330450007,0,12,12
21,2828,1,4594162771707952059,0,33,21
21,2828,0,7625923668379592734,0,57,24
21,2829,2,2184203901330450007,0,12,12
21,2829,1,4594162771707952059,0,35,23
21,2829,0,7625923668379592734,0,54,19
21,2830,2,2184203901330450007,0,12,12
21,2830,1,4594162771707952059,0,36,24
21,2830,0,7625923668379592734,0,56,20
21,2831,2,2184203901330450007,0,12,12
21,2831,1,4594162771707952059,0,30,18
21,2831,0,7625923668379592734,0,50,20
21,2832,2,2184203901330450007,0,13,13
21,2832,1,4594162771707952059,0,37,24
21,2832,0,7625923668379592734,0,61,24
21,2833,2,2184203901330450007,0,12,12
21,2833,1,4594162771707952059,0,32,20
21,2833,0,7625923668379592734,0,57,25
21,2834,2,2184203901330450007,0,12,12
21,2834,1,4594162771707952059,0,33,21
21,2834,0,7625923668379592734,0,57,24
21,2835,2,2184203901330450007,0,12,12
21,2835,1,4594162771707952059,0,34,22
21,2835,0,7625923668379592734,0,55,21
21,2836,2,2184203901330450007,0,12,12
21,2836,1,4594162771707952059,0,36,24
21,2836,0,7625923668379592734,0,55,19
21,2837,2,2184203901330450007,0,12,12
21,2837,1,4594162771707952059,0,36,24
21,2837,0,7625923668379592734,0,57,21
21,2838,2,2184203901330450007,0,12,12
21,2838,1,4594162771707952059,0,36,24
21,2838,0,7625923668379592734,0,56,20
21,2839,2,2184203901330450007,0,13,13
21,2839,1,4594162771707952059,0,34,21
21,2839,0,7625923668379592734,0,54,20
21,2840,2,2184203901330450007,0,13,13
21,2840,1,4594162771707952059,0,33,20
21,2840,0,7625923668379592734,0,56,23
21,2841,2,2184203901330450007,0,12,12
21,2841,1,4594162771707952059,0,33,21
21,2841,0,7625923668379592734,0,57,24
21,2842,2,2184203901330450007,0,12,12
21,2842,1,4594162771707952059,0,33,21
21,2842,0,7625923668379592734,0,57,24
21,2843,2,2184203901330450007,0,13,13
21,2843,1,4594162771707952059,0,36,23
21,2843,0,7625923668379592734,0,56,20
21,2844,2,2184203901330450007,0,15,15
21,2844,1,4594162771707952059,0,37,22
21,2844,0,7625923668379592734,0,55,18
21,2845,2,2184203901330450007,0,12,12
21,2845,1,4594162771707952059,0,36,24
21,2845,0,7625923668379592734,0,56,20
21,2846,2,2184203901330450007,0,12,12
21,2846,1,4594162771707952059,0,33,21
21,2846,0,7625923668379592734,0,58,25
21,2847,2,2184203901330450007,0,12,12
21,2847,1,4594162771707952059,0,33,21
21,2847,0,7625923668379592734,0,56,23
21,2848,2,2184203901330450007,0,12,12
21,2848,1,4594162771707952059,0,33,21
21,2848,0,7625923668379592734,0,57,24
21,2849,2,2184203901330450007,0,12,12
21,2849,1,4594162771707952059,0,35,23
21,2849,0,7625923668379592734,0,66,31
21,2850,2,2184203901330450007,0,14,14
21,2850,1,4594162771707952059,0,33,19
21,2850,0,7625923668379592734,0,60,27
21,2851,2,2184203901330450007,0,13,13
21,2851,1,4594162771707952059,0,33,20
21,2851,0,7625923668379592734,0,54,21
21,2852,2,2184203901330450007,0,12,12
21,2852,1,4594162771707952059,0,35,23
21,2852,0,7625923668379592734,0,56,21
21,2853,2,2184203901330450007,0,12,12
21,2853,1,4594162771707952059,0,33,21
21,2853,0,7625923668379592734,0,56,23
21,2854,2,2184203901330450007,0,12,12
21,2854,1,4594162771707952059,0,34,22
21,2854,0,7625923668379592734,0,57,23
21,2855,2,2184203901330450007,0,14,14
21,2855,1,4594162771707952059,0,33,19
21,2855,0,7625923668379592734,0,57,24
21,2856,2,2184203901330450007,0,10,10
21,2856,1,4594162771707952059,0,33,23
21,2856,0,7625923668379592734,0,63,30
21,2857,2,2184203901330450007,0,13,13
21,2857,1,4594162771707952059,0,34,21
21,2857,0,7625923668379592734,0,59,25
21,2858,2,2184203901330450007,0,12,12
21,2858,1,4594162771707952059,0,33,21
21,2858,0,7625923668379592734,0,55,22
21,2859,2,2184203901330450007,0,12,12
21,2859,1,4594162771707952059,0,34,22
21,2859,0,7625923668379592734,0,51,17
21,2860,2,2184203901330450007,0,12,12
21,2860,1,4594162771707952059,0,33,21
21,2860,0,7625923668379592734,0,56,23
21,2861,2,2184203901330450007,0,12,12
21,2861,1,4594162771707952059,0,33,21
21,2861,0,7625923668379592734,0,55,22
21,2862,2,2184203901330450007,0,12,12
21,2862,1,4594162771707952059,0,33,21
21,2862,0,7625923668379592734,0,90,57
21,2863,2,2184203901330450007,0,12,12
21,2863,1,4594162771707952059,0,35,23
21,2863,0,7625923668379592734,0,58,23
21,2864,2,2184203901330450007,0,13,13
21,2864,1,4594162771707952059,0,30,17
21,2864,0,7625923668379592734,0,76,46
21,2865,2,2184203901330450007,0,11,11
21,2865,1,4594162771707952059,0,33,22
21,2865,0,7625923668379592734,0,59,26
21,2866,2,2184203901330450007,0,12,12
21,2866,1,4594162771707952059,0,33,21
21,2866,0,7625923668379592734,0,57,24
21,2867,2,2184203901330450007,0,12,12
21,2867,1,4594162771707952059,0,33,21
21,2867,0,7625923668379592734,0,58,25
21,2868,2,2184203901330450007,0,12,12
21,2868,1,4594162771707952059,0,35,23
21,2868,0,7625923668379592734,0,55,20
21,2869,2,2184203901330450007,0,12,12
21,2869,1,4594162771707952059,0,36,24
21,2869,0,7625923668379592734,0,55,19
21,2870,2,2184203901330450007,0,12,12
21,2870,1,4594162771707952059,0,33,21
21,2870,0,7625923668379592734,0,56,23
21,2871,2,2184203901330450007,0,12,12
21,2871,1,4594162771707952059,0,33,21
21,2871,0,7625923668379592734,0,57,24
21,2872,2,2184203901330450007,0,12,12
21,2872,1,4594162771707952059,0,34,22
21,2872,0,7625923668379592734,0,56,22
21,2873,2,2184203901330450007,0,12,12
21,2873,1,4594162771707952059,0,34,22
21,2873,0,7625923668379592734,0,53,19
21,2874,2,2184203901330450007,0,12,12
21,2874,1,4594162771707952059,0,35,23
21,2874,0,7625923668379592734,0,54,19
21,2875,2,2184203901330450007,0,12,12
21,2875,1,4594162771707952059,0,32,20
21,2875,0,7625923668379592734,0,57,25
21,2876,2,2184203901330450007,0,13,13
21,2876,1,4594162771707952059,0,61,48
21,2876,0,7625923668379592734,0,80,19
21,2877,2,2184203901330450007,0,13,13
21,2877,1,4594162771707952059,0,36,23
21,2877,0,7625923668379592734,0,56,20
21,2878,2,2184203901330450007,0,12,12
21,2878,1,4594162771707952059,0,32,20
21,2878,0,7625923668379592734,0,57,25
21,2879,2,2184203901330450007,0,12,12
21,2879,1,4594162771707952059,0,34,22
21,2879,0,7625923668379592734,0,57,23
21,2880,2,2184203901330450007,0,11,11
21,2880,1,4594162771707952059,0,35,24
21,2880,0,7625923668379592734,0,60,25
21,2881,2,2184203901330450007,0,12,12
21,2881,1,4594162771707952059,0,35,23
21,2881,0,7625923668379592734,0,59,24
21,2882,2,2184203901330450007,0,13,13
21,2882,1,4594162771707952059,0,32,19
21,2882,0,7625923668379592734,0,59,27
21,2883,2,2184203901330450007,0,12,12
21,2883,1,4594162771707952059,0,33,21
21,2883,0,7625923668379592734,0,57,24
21,2884,2,2184203901330450007,0,12,12
21,2884,1,4594162771707952059,0,33,21
21,2884,0,7625923668379592734,0,58,25
21,2885,2,2184203901330450007,0,12,12
21,2885,1,4594162771707952059,0,32,20
21,2885,0,7625923668379592734,0,56,24
21,2886,2,2184203901330450007,0,12,12
21,2886,1,4594162771707952059,0,30,18
21,2886,0,7625923668379592734,0,51,21
21,2887,2,2184203901330450007,0,12,12
21,2887,1,4594162771707952059,0,34,22
21,2887,0,7625923668379592734,0,58,24
21,2888,2,2184203901330450007,0,13,13
21,2888,1,4594162771707952059,0,35,22
21,2888,0,7625923668379592734,0,60,25
21,2889,2,2184203901330450007,0,12,12
21,2889,1,4594162771707952059,0,33,21
21,2889,0,7625923668379592734,0,58,25
21,2890,2,2184203901330450007,0,12,12
21,2890,1,4594162771707952059,0,34,22
21,2890,0,7625923668379592734,0,55,21
21,2891,2,2184203901330450007,0,12,12
21,2891,1,4594162771707952059,0,33,21
21,2891,0,7625923668379592734,0,56,23
21,2892,2,2184203901330450007,0,12,12
21,2892,1,4594162771707952059,0,36,24
21,2892,0,7625923668379592734,0,56,20
21,2893,2,2184203901330450007,0,19,19
21,2893,1,4594162771707952059,0,44,25
21,2893,0,7625923668379592734,0,66,22
21,2894,2,2184203901330450007,0,12,12
21,2894,1,4594162771707952059,0,35,23
21,2894,0,7625923668379592734,0,55,20
21,2895,2,2184203901330450007,0,12,12
21,2895,1,4594162771707952059,0,32,20
21,2895,0,7625923668379592734,0,57,25
21,2896,2,2184203901330450007,0,12,12
21,2896,1,4594162771707952059,0,67,55
21,2896,0,7625923668379592734,0,86,19
21,2897,2,2184203901330450007,0,12,12
21,2897,1,4594162771707952059,0,32,20
21,2897,0,7625923668379592734,0,56,24
21,2898,2,2184203901330450007,0,15,15
21,2898,1,4594162771707952059,0,35,20
21,2898,0,7625923668379592734,0,61,26
21,2899,2,2184203901330450007,0,12,12
21,2899,1,4594162771707952059,0,37,25
21,2899,0,7625923668379592734,0,62,25
21,2900,2,2184203901330450007,0,12,12
21,2900,1,4594162771707952059,0,35,23
21,2900,0,7625923668379592734,0,55,20
21,2901,2,2184203901330450007,0,12,12
21,2901,1,4594162771707952059,0,33,21
21,2901,0,7625923668379592734,0,57,24
21,2902,2,2184203901330450007,0,12,12
21,2902,1,4594162771707952059,0,32,20
21,2902,0,7625923668379592734,0,58,26
21,2903,2,2184203901330450007,0,12,12
21,2903,1,4594162771707952059,0,33,21
21,2903,0,7625923668379592734,0,55,22
21,2904,2,2184203901330450007,0,13,13
21,2904,1,4594162771707952059,0,36,23
21,2904,0,7625923668379592734,0,54,18
21,2905,2,2184203901330450007,0,12,12
21,2905,1,4594162771707952059,0,32,20
21,2905,0,7625923668379592734,0,57,25
21,2906,2,2184203901330450007,0,12,12
21,2906,1,4594162771707952059,0,36,24
21,2906,0,7625923668379592734,0,58,22
21,2907,2,2184203901330450007,0,12,12
21,2907,1,4594162771707952059,0,34,22
21,2907,0,7625923668379592734,0,58,24
21,2908,2,2184203901330450007,0,12,12
21,2908,1,4594162771707952059,0,33,21
21,2908,0,7625923668379592734,0,58,25
21,2909,2,2184203901330450007,0,12,12
21,2909,1,4594162771707952059,0,33,21
21,2909,0,7625923668379592734,0,57,24
21,2910,2,2184203901330450007,0,12,12
21,2910,1,4594162771707952059,0,35,23
21,2910,0,7625923668379592734,0,57,22
21,2911,2,2184203901330450007,0,12,12
21,2911,1,4594162771707952059,0,34,22
21,2911,0,7625923668379592734,0,58,24
21,2912,2,2184203901330450007,0,12,12
21,2912,1,4594162771707952059,0,30,18
21,2912,0,7625923668379592734,0,53,23
21,2913,2,2184203901330450007,0,12,12
21,2913,1,4594162771707952059,0,33,21
21,2913,0,7625923668379592734,0,57,24
21,2914,2,2184203901330450007,0,11,11
21,2914,1,4594162771707952059,0,33,22
21,2914,0,7625923668379592734,0,57,24
21,2915,2,2184203901330450007,0,12,12
21,2915,1,4594162771707952059,0,32,20
21,2915,0,7625923668379592734,0,56,24
21,2916,2,2184203901330450007,0,15,15
21,2916,1,4594162771707952059,0,34,19
21,2916,0,7625923668379592734,0,59,25
21,2917,2,2184203901330450007,0,12,12
21,2917,1,4594162771707952059,0,36,24
21,2917,0,7625923668379592734,0,60,24
21,2918,2,2184203901330450007,0,14,14
21,2918,1,4594162771707952059,0,33,19
21,2918,0,7625923668379592734,0,57,24
21,2919,2,2184203901330450007,0,12,12
21,2919,1,4594162771707952059,0,32,20
21,2919,0,7625923668379592734,0,59,27
21,2920,2,2184203901330450007,0,12,12
21,2920,1,4594162771707952059,0,32,20
21,2920,0,7625923668379592734,0,57,25
21,2921,2,2184203901330450007,0,13,13
21,2921,1,4594162771707952059,0,33,20
21,2921,0,7625923668379592734,0,57,24
21,2922,2,2184203901330450007,0,12,12
21,2922,1,4594162771707952059,0,35,23
21,2922,0,7625923668379592734,0,54,19
21,2923,2,2184203901330450007,0,12,12
21,2923,1,4594162771707952059,0,34,22
21,2923,0,7625923668379592734,0,54,20
21,2924,2,2184203901330450007,0,11,11
21,2924,1,4594162771707952059,0,33,22
21,2924,0,7625923668379592734,0,56,23
21,2925,2,2184203901330450007,0,12,12
21,2925,1,4594162771707952059,0,33,21
21,2925,0,7625923668379592734,0,55,22
21,2926,2,2184203901330450007,0,12,12
21,2926,1,4594162771707952059,0,34,22
21,2926,0,7625923668379592734,0,55,21
21,2927,2,2184203901330450007,0,12,12
21,2927,1,4594162771707952059,0,33,21
21,2927,0,7625923668379592734,0,54,21
21,2928,2,2184203901330450007,0,12,12
21,2928,1,4594162771707952059,0,33,21
21,2928,0,7625923668379592734,0,55,22
21,2929,2,2184203901330450007,0,12,12
21,2929,1,4594162771707952059,0,35,23
21,2929,0,7625923668379592734,0,65,30
21,2930,2,2184203901330450007,0,16,16
21,2930,1,4594162771707952059,0,63,47
21,2930,0,7625923668379592734,0,85,22
21,2931,2,2184203901330450007,0,12,12
21,2931,1,4594162771707952059,0,36,24
21,2931,0,7625923668379592734,0,56,20
21,2932,2,2184203901330450007,0,12,12
21,2932,1,4594162771707952059,0,33,21
21,2932,0,7625923668379592734,0,57,24
21,2933,2,2184203901330450007,0,15,15
21,2933,1,4594162771707952059,0,37,22
21,2933,0,7625923668379592734,0,60,23
21,2934,2,2184203901330450007,0,14,14
21,2934,1,4594162771707952059,0,33,19
21,2934,0,7625923668379592734,0,64,31
21,2935,2,2184203901330450007,0,11,11
21,2935,1,4594162771707952059,0,36,25
21,2935,0,7625923668379592734,0,62,26
21,2936,2,2184203901330450007,0,12,12
21,2936,1,4594162771707952059,0,35,23
21,2936,0,7625923668379592734,0,54,19
21,2937,2,2184203901330450007,0,13,13
21,2937,1,4594162771707952059,0,34,21
21,2937,0,7625923668379592734,0,57,23
21,2938,2,2184203901330450007,0,12,12
21,2938,1,4594162771707952059,0,32,20
21,2938,0,7625923668379592734,0,57,25
21,2939,2,2184203901330450007,0,12,12
21,2939,1,4594162771707952059,0,33,21
21,2939,0,7625923668379592734,0,58,25
21,2940,2,2184203901330450007,0,12,12
21,2940,1,4594162771707952059,0,33,21
21,2940,0,7625923668379592734,0,57,24
21,2941,2,2184203901330450007,0,12,12
21,2941,1,4594162771707952059,0,35,23
21,2941,0,7625923668379592734,0,54,19
21,2942,2,2184203901330450007,0,12,12
21,2942,1,4594162771707952059,0,33,21
21,2942,0,7625923668379592734,0,57,24
21,2943,2,2184203901330450007,0,12,12
21,2943,1,4594162771707952059,0,33,21
21,2943,0,7625923668379592734,0,57,24
21,2944,2,2184203901330450007,0,12,12
21,2944,1,4594162771707952059,0,32,20
21,2944,0,7625923668379592734,0,78,46
21,2945,2,2184203901330450007,0,12,12
21,2945,1,4594162771707952059,0,34,22
21,2945,0,7625923668379592734,0,58,24
21,2946,2,2184203901330450007,0,12,12
21,2946,1,4594162771707952059,0,33,21
21,2946,0,7625923668379592734,0,87,54
21,2947,2,2184203901330450007,0,14,14
21,2947,1,4594162771707952059,0,37,23
21,2947,0,7625923668379592734,0,58,21
21,2948,2,2184203901330450007,0,13,13
21,2948,1,4594162771707952059,0,35,22
21,2948,0,7625923668379592734,0,55,20
21,2949,2,2184203901330450007,0,12,12
21,2949,1,4594162771707952059,0,37,25
21,2949,0,7625923668379592734,0,57,20
21,2950,2,2184203901330450007,0,12,12
21,2950,1,4594162771707952059,0,33,21
21,2950,0,7625923668379592734,0,82,49
21,2951,2,2184203901330450007,0,20,20
21,2951,1,4594162771707952059,0,39,19
21,2951,0,7625923668379592734,0,86,47
21,2952,2,2184203901330450007,0,11,11
21,2952,1,4594162771707952059,0,33,22
21,2952,0,7625923668379592734,0,57,24
21,2953,2,2184203901330450007,0,12,12
21,2953,1,4594162771707952059,0,33,21
21,2953,0,7625923668379592734,0,58,25
21,2954,2,2184203901330450007,0,12,12
21,2954,1,4594162771707952059,0,35,23
21,2954,0,7625923668379592734,0,56,21
21,2955,2,2184203901330450007,0,12,12
21,2955,1,4594162771707952059,0,35,23
21,2955,0,7625923668379592734,0,55,20
21,2956,2,2184203901330450007,0,12,12
21,2956,1,4594162771707952059,0,33,21
21,2956,0,7625923668379592734,0,56,23
21,2957,2,2184203901330450007,0,12,12
21,2957,1,4594162771707952059,0,35,23
21,2957,0,7625923668379592734,0,55,20
21,2958,2,2184203901330450007,0,12,12
21,2958,1,4594162771707952059,0,33,21
21,2958,0,7625923668379592734,0,56,23
21,2959,2,2184203901330450007,0,12,12
21,2959,1,4594162771707952059,0,33,21
21,2959,0,7625923668379592734,0,57,24
21,2960,2,2184203901330450007,0,12,12
21,2960,1,4594162771707952059,0,35,23
21,2960,0,7625923668379592734,0,55,20
21,2961,2,2184203901330450007,0,12,12
21,2961,1,4594162771707952059,0,37,25
21,2961,0,7625923668379592734,0,56,19
21,2962,2,2184203901330450007,0,11,11
21,2962,1,4594162771707952059,0,33,22
21,2962,0,7625923668379592734,0,56,23
21,2963,2,2184203901330450007,0,14,14
21,2963,1,4594162771707952059,0,39,25
21,2963,0,7625923668379592734,0,56,17
21,2964,2,2184203901330450007,0,12,12
21,2964,1,4594162771707952059,0,33,21
21,2964,0,7625923668379592734,0,56,23
21,2965,2,2184203901330450007,0,13,13
21,2965,1,4594162771707952059,0,30,17
21,2965,0,7625923668379592734,0,53,23
21,2966,2,2184203901330450007,0,12,12
21,2966,1,4594162771707952059,0,35,23
21,2966,0,7625923668379592734,0,59,24
21,2967,2,2184203901330450007,0,12,12
21,2967,1,4594162771707952059,0,34,22
21,2967,0,7625923668379592734,0,54,20
21,2968,2,2184203901330450007,0,12,12
21,2968,1,4594162771707952059,0,33,21
21,2968,0,7625923668379592734,0,55,22
21,2969,2,2184203901330450007,0,13,13
21,2969,1,4594162771707952059,0,34,21
21,2969,0,7625923668379592734,0,57,23
21,2970,2,2184203901330450007,0,12,12
21,2970,1,4594162771707952059,0,33,21
21,2970,0,7625923668379592734,0,58,25
21,2971,2,2184203901330450007,0,10,10
21,2971,1,4594162771707952059,0,30,20
21,2971,0,7625923668379592734,0,61,31
21,2972,2,2184203901330450007,0,13,13
21,2972,1,4594162771707952059,0,35,22
21,2972,0,7625923668379592734,0,55,20
21,2973,2,2184203901330450007,0,12,12
21,2973,1,4594162771707952059,0,34,22
21,2973,0,7625923668379592734,0,54,20
21,2974,2,2184203901330450007,0,12,12
21,2974,1,4594162771707952059,0,34,22
21,2974,0,7625923668379592734,0,55,21
21,2975,2,2184203901330450007,0,12,12
21,2975,1,4594162771707952059,0,33,21
21,2975,0,7625923668379592734,0,57,24
21,2976,2,2184203901330450007,0,12,12
21,2976,1,4594162771707952059,0,35,23
21,2976,0,7625923668379592734,0,59,24
21,2977,2,2184203901330450007,0,12,12
21,2977,1,4594162771707952059,0,36,24
21,2977,0,7625923668379592734,0,61,25
21,2978,2,2184203901330450007,0,12,12
21,2978,1,4594162771707952059,0,34,22
21,2978,0,7625923668379592734,0,58,24
21,2979,2,2184203901330450007,0,12,12
21,2979,1,4594162771707952059,0,33,21
21,2979,0,7625923668379592734,0,55,22
21,2980,2,2184203901330450007,0,13,13
21,2980,1,4594162771707952059,0,33,20
21,2980,0,7625923668379592734,0,56,23
21,2981,2,2184203901330450007,0,12,12
21,2981,1,4594162771707952059,0,32,20
21,2981,0,7625923668379592734,0,57,25
21,2982,2,2184203901330450007,0,12,12
21,2982,1,4594162771707952059,0,32,20
21,2982,0,7625923668379592734,0,56,24
21,2983,2,2184203901330450007,0,12,12
21,2983,1,4594162771707952059,0,35,23
21,2983,0,7625923668379592734,0,54,19
21,2984,2,2184203901330450007,0,12,12
21,2984,1,4594162771707952059,0,35,23
21,2984,0,7625923668379592734,0,61,26
21,2985,2,2184203901330450007,0,12,12
21,2985,1,4594162771707952059,0,35,23
21,2985,0,7625923668379592734,0,56,21
21,2986,2,2184203901330450007,0,12,12
21,2986,1,4594162771707952059,0,36,24
21,2986,0,7625923668379592734,0,62,26
21,2987,2,2184203901330450007,0,12,12
21,2987,1,4594162771707952059,0,33,21
21,2987,0,7625923668379592734,0,56,23
21,2988,2,2184203901330450007,0,13,13
21,2988,1,4594162771707952059,0,33,20
21,2988,0,7625923668379592734,0,56,23
21,2989,2,2184203901330450007,0,12,12
21,2989,1,4594162771707952059,0,33,21
21,2989,0,7625923668379592734,0,56,23
21,2990,2,2184203901330450007,0,12,12
21,2990,1,4594162771707952059,0,37,25
21,2990,0,7625923668379592734,0,67,30
21,2991,2,2184203901330450007,0,13,13
21,2991,1,4594162771707952059,0,34,21
21,2991,0,7625923668379592734,0,67,33
21,2992,2,2184203901330450007,0,12,12
21,2992,1,4594162771707952059,0,33,21
21,2992,0,7625923668379592734,0,58,25
21,2993,2,2184203901330450007,0,12,12
21,2993,1,4594162771707952059,0,37,25
21,2993,0,7625923668379592734,0,58,21
21,2994,2,2184203901330450007,0,20,20
21,2994,1,4594162771707952059,0,41,21
21,2994,0,7625923668379592734,0,62,21
21,2995,2,2184203901330450007,0,12,12
21,2995,1,4594162771707952059,0,33,21
21,2995,0,7625923668379592734,0,56,23
21,2996,2,2184203901330450007,0,12,12
21,2996,1,4594162771707952059,0,35,23
21,2996,0,7625923668379592734,0,61,26
21,2997,2,2184203901330450007,0,12,12
21,2997,1,4594162771707952059,0,33,21
21,2997,0,7625923668379592734,0,56,23
21,2998,2,2184203901330450007,0,12,12
21,2998,1,4594162771707952059,0,35,23
21,2998,0,7625923668379592734,0,58,23
21,2999,2,2184203901330450007,0,14,14
21,2999,1,4594162771707952059,0,40,26
21,2999,0,7625923668379592734,0,58,18
21,3000,2,2184203901330450007,0,12,12
21,3000,1,4594162771707952059,0,35,23
21,3000,0,7625923668379592734,0,63,28
21,3001,2,2184203901330450007,0,13,13
21,3001,1,4594162771707952059,0,34,21
21,3001,0,7625923668379592734,0,57,23
21,3002,2,2184203901330450007,0,10,10
21,3002,1,4594162771707952059,0,35,25
21,3002,0,7625923668379592734,0,55,20
21,3003,2,2184203901330450007,0,12,12
21,3003,1,4594162771707952059,0,35,23
21,3003,0,7625923668379592734,0,64,29
21,3004,2,2184203901330450007,0,12,12
21,3004,1,4594162771707952059,0,33,21
21,3004,0,7625923668379592734,0,58,25
21,3005,2,2184203901330450007,0,12,12
21,3005,1,4594162771707952059,0,30,18
21,3005,0,7625923668379592734,0,53,23
21,3006,2,2184203901330450007,0,13,13
21,3006,1,4594162771707952059,0,33,20
21,3006,0,7625923668379592734,0,55,22
21,3007,2,2184203901330450007,0,12,12
21,3007,1,4594162771707952059,0,33,21
21,3007,0,7625923668379592734,0,57,24
21,3008,2,2184203901330450007,0,14,14
21,3008,1,4594162771707952059,0,34,20
21,3008,0,7625923668379592734,0,63,29
21,3009,2,2184203901330450007,0,12,12
21,3009,1,4594162771707952059,0,36,24
21,3009,0,7625923668379592734,0,55,19
21,3010,2,2184203901330450007,0,13,13
21,3010,1,4594162771707952059,0,33,20
21,3010,0,7625923668379592734,0,57,24
21,3011,2,2184203901330450007,0,13,13
21,3011,1,4594162771707952059,0,33,20
21,3011,0,7625923668379592734,0,56,23
21,3012,2,2184203901330450007,0,12,12
21,3012,1,4594162771707952059,0,33,21
21,3012,0,7625923668379592734,0,57,24
21,3013,2,2184203901330450007,0,12,12
21,3013,1,4594162771707952059,0,33,21
21,3013,0,7625923668379592734,0,56,23
21,3014,2,2184203901330450007,0,12,12
21,3014,1,4594162771707952059,0,36,24
21,3014,0,7625923668379592734,0,59,23
21,3015,2,2184203901330450007,0,11,11
21,3015,1,4594162771707952059,0,36,25
21,3015,0,7625923668379592734,0,59,23
21,3016,2,2184203901330450007,0,11,11
21,3016,1,4594162771707952059,0,33,22
21,3016,0,7625923668379592734,0,56,23
21,3017,2,2184203901330450007,0,14,14
21,3017,1,4594162771707952059,0,37,23
21,3017,0,7625923668379592734,0,59,22
21,3018,2,2184203901330450007,0,12,12
21,3018,1,4594162771707952059,0,33,21
21,3018,0,7625923668379592734,0,57,24
21,3019,2,2184203901330450007,0,12,12
21,3019,1,4594162771707952059,0,35,23
21,3019,0,7625923668379592734,0,57,22
21,3020,2,2184203901330450007,0,16,16
21,3020,1,4594162771707952059,0,35,19
21,3020,0,7625923668379592734,0,65,30
21,3021,2,2184203901330450007,0,12,12
21,3021,1,4594162771707952059,0,35,23
21,3021,0,7625923668379592734,0,55,20
21,3022,2,2184203901330450007,0,11,11
21,3022,1,4594162771707952059,0,35,24
21,3022,0,7625923668379592734,0,62,27
21,3023,2,2184203901330450007,0,12,12
21,3023,1,4594162771707952059,0,33,21
21,3023,0,7625923668379592734,0,56,23
21,3024,2,2184203901330450007,0,12,12
21,3024,1,4594162771707952059,0,33,21
21,3024,0,7625923668379592734,0,57,24
21,3025,2,2184203901330450007,0,13,13
21,3025,1,4594162771707952059,0,34,21
21,3025,0,7625923668379592734,0,57,23
21,3026,2,2184203901330450007,0,12,12
21,3026,1,4594162771707952059,0,35,23
21,3026,0,7625923668379592734,0,61,26
21,3027,2,2184203901330450007,0,11,11
21,3027,1,4594162771707952059,0,33,22
21,3027,0,7625923668379592734,0,56,23
21,3028,2,2184203901330450007,0,11,11
21,3028,1,4594162771707952059,0,35,24
21,3028,0,7625923668379592734,0,57,22
21,3029,2,2184203901330450007,0,12,12
21,3029,1,4594162771707952059,0,33,21
21,3029,0,7625923668379592734,0,56,23
21,3030,2,2184203901330450007,0,12,12
21,3030,1,4594162771707952059,0,34,22
21,3030,0,7625923668379592734,0,56,22
21,3031,2,2184203901330450007,0,12,12
21,3031,1,4594162771707952059,0,33,21
21,3031,0,7625923668379592734,0,58,25
21,3032,2,2184203901330450007,0,14,14
21,3032,1,4594162771707952059,0,36,22
21,3032,0,7625923668379592734,0,55,19
21,3033,2,2184203901330450007,0,13,13
21,3033,1,4594162771707952059,0,36,23
21,3033,0,7625923668379592734,0,56,20
21,3034,2,2184203901330450007,0,12,12
21,3034,1,4594162771707952059,0,36,24
21,3034,0,7625923668379592734,0,57,21
21,3035,2,2184203901330450007,0,12,12
21,3035,1,4594162771707952059,0,32,20
21,3035,0,7625923668379592734,0,57,25
21,3036,2,2184203901330450007,0,12,12
21,3036,1,4594162771707952059,0,33,21
21,3036,0,7625923668379592734,0,57,24
21,3037,2,2184203901330450007,0,12,12
21,3037,1,4594162771707952059,0,33,21
21,3037,0,7625923668379592734,0,56,23
21,3038,2,2184203901330450007,0,12,12
21,3038,1,4594162771707952059,0,34,22
21,3038,0,7625923668379592734,0,58,24
21,3039,2,2184203901330450007,0,12,12
21,3039,1,4594162771707952059,0,34,22
21,3039,0,7625923668379592734,0,56,22
21,3040,2,2184203901330450007,0,12,12
21,3040,1,4594162771707952059,0,32,20
21,3040,0,7625923668379592734,0,56,24
21,3041,2,2184203901330450007,0,12,12
21,3041,1,4594162771707952059,0,33,21
21,3041,0,7625923668379592734,0,58,25
21,3042,2,2184203901330450007,0,12,12
21,3042,1,4594162771707952059,0,33,21
21,3042,0,7625923668379592734,0,56,23
21,3043,2,2184203901330450007,0,12,12
21,3043,1,4594162771707952059,0,33,21
21,3043,0,7625923668379592734,0,57,24
21,3044,2,2184203901330450007,0,13,13
21,3044,1,4594162771707952059,0,34,21
21,3044,0,7625923668379592734,0,55,21
21,3045,2,2184203901330450007,0,40,40
21,3045,1,4594162771707952059,0,60,20
21,3045,0,7625923668379592734,0,90,30
21,3046,2,2184203901330450007,0,11,11
21,3046,1,4594162771707952059,0,33,22
21,3046,0,7625923668379592734,0,56,23
21,3047,2,2184203901330450007,0,12,12
21,3047,1,4594162771707952059,0,33,21
21,3047,0,7625923668379592734,0,57,24
21,3048,2,2184203901330450007,0,12,12
21,3048,1,4594162771707952059,0,33,21
21,3048,0,7625923668379592734,0,57,24
21,3049,2,2184203901330450007,0,12,12
21,3049,1,4594162771707952059,0,33,21
21,3049,0,7625923668379592734,0,56,23
21,3050,2,2184203901330450007,0,12,12
21,3050,1,4594162771707952059,0,36,24
21,3050,0,7625923668379592734,0,60,24
21,3051,2,2184203901330450007,0,12,12
21,3051,1,4594162771707952059,0,31,19
21,3051,0,7625923668379592734,0,56,25
21,3052,2,2184203901330450007,0,14,14
21,3052,1,4594162771707952059,0,34,20
21,3052,0,7625923668379592734,0,59,25
21,3053,2,2184203901330450007,0,12,12
21,3053,1,4594162771707952059,0,33,21
21,3053,0,7625923668379592734,0,57,24
21,3054,2,2184203901330450007,0,12,12
21,3054,1,4594162771707952059,0,33,21
21,3054,0,7625923668379592734,0,57,24
21,3055,2,2184203901330450007,0,11,11
21,3055,1,4594162771707952059,0,34,23
21,3055,0,7625923668379592734,0,61,27
21,3056,2,2184203901330450007,0,12,12
21,3056,1,4594162771707952059,0,33,21
21,3056,0,7625923668379592734,0,56,23
21,3057,2,2184203901330450007,0,12,12
21,3057,1,4594162771707952059,0,35,23
21,3057,0,7625923668379592734,0,56,21
21,3058,2,2184203901330450007,0,12,12
21,3058,1,4594162771707952059,0,36,24
21,3058,0,7625923668379592734,0,55,19
21,3059,2,2184203901330450007,0,13,13
21,3059,1,4594162771707952059,0,34,21
21,3059,0,7625923668379592734,0,58,24
21,3060,2,2184203901330450007,0,12,12
21,3060,1,4594162771707952059,0,34,22
21,3060,0,7625923668379592734,0,56,22
21,3061,2,2184203901330450007,0,12,12
21,3061,1,4594162771707952059,0,33,21
21,3061,0,7625923668379592734,0,57,24
21,3062,2,2184203901330450007,0,12,12
21,3062,1,4594162771707952059,0,33,21
21,3062,0,7625923668379592734,0,56,23
21,3063,2,2184203901330450007,0,12,12
21,3063,1,4594162771707952059,0,36,24
21,3063,0,7625923668379592734,0,56,20
21,3064,2,2184203901330450007,0,12,12
21,3064,1,4594162771707952059,0,35,23
21,3064,0,7625923668379592734,0,54,19
21,3065,2,2184203901330450007,0,12,12
21,3065,1,4594162771707952059,0,34,22
21,3065,0,7625923668379592734,0,56,22
21,3066,2,2184203901330450007,0,12,12
21,3066,1,4594162771707952059,0,35,23
21,3066,0,7625923668379592734,0,59,24
21,3067,2,2184203901330450007,0,12,12
21,3067,1,4594162771707952059,0,33,21
21,3067,0,7625923668379592734,0,56,23
21,3068,2,2184203901330450007,0,12,12
21,3068,1,4594162771707952059,0,33,21
21,3068,0,7625923668379592734,0,56,23
21,3069,2,2184203901330450007,0,12,12
21,3069,1,4594162771707952059,0,35,23
21,3069,0,7625923668379592734,0,60,25
21,3070,2,2184203901330450007,0,12,12
21,3070,1,4594162771707952059,0,33,21
21,3070,0,7625923668379592734,0,57,24
21,3071,2,2184203901330450007,0,12,12
21,3071,1,4594162771707952059,0,32,20
21,3071,0,7625923668379592734,0,55,23
21,3072,2,2184203901330450007,0,16,16
21,3072,1,4594162771707952059,0,36,20
21,3072,0,7625923668379592734,0,61,25
21,3073,2,2184203901330450007,0,12,12
21,3073,1,4594162771707952059,0,33,21
21,3073,0,7625923668379592734,0,58,25
21,3074,2,2184203901330450007,0,12,12
21,3074,1,4594162771707952059,0,33,21
21,3074,0,7625923668379592734,0,56,23
21,3075,2,2184203901330450007,0,12,12
21,3075,1,4594162771707952059,0,34,22
21,3075,0,7625923668379592734,0,55,21
21,3076,2,2184203901330450007,0,12,12
21,3076,1,4594162771707952059,0,33,21
21,3076,0,7625923668379592734,0,56,23
21,3077,2,2184203901330450007,0,12,12
21,3077,1,4594162771707952059,0,35,23
21,3077,0,7625923668379592734,0,60,25
21,3078,2,2184203901330450007,0,12,12
21,3078,1,4594162771707952059,0,33,21
21,3078,0,7625923668379592734,0,57,24
21,3079,2,2184203901330450007,0,12,12
21,3079,1,4594162771707952059,0,33,21
21,3079,0,7625923668379592734,0,56,23
21,3080,2,2184203901330450007,0,12,12
21,3080,1,4594162771707952059,0,33,21
21,3080,0,7625923668379592734,0,56,23
21,3081,2,2184203901330450007,0,11,11
21,3081,1,4594162771707952059,0,36,25
21,3081,0,7625923668379592734,0,62,26
21,3082,2,2184203901330450007,0,12,12
21,3082,1,4594162771707952059,0,33,21
21,3082,0,7625923668379592734,0,57,24
21,3083,2,2184203901330450007,0,12,12
21,3083,1,4594162771707952059,0,32,20
21,3083,0,7625923668379592734,0,56,24
21,3084,2,2184203901330450007,0,12,12
21,3084,1,4594162771707952059,0,33,21
21,3084,0,7625923668379592734,0,57,24
21,3085,2,2184203901330450007,0,12,12
21,3085,1,4594162771707952059,0,33,21
21,3085,0,7625923668379592734,0,56,23
21,3086,2,2184203901330450007,0,12,12
21,3086,1,4594162771707952059,0,33,21
21,3086,0,7625923668379592734,0,57,24
21,3087,2,2184203901330450007,0,12,12
21,3087,1,4594162771707952059,0,35,23
21,3087,0,7625923668379592734,0,57,22
21,3088,2,2184203901330450007,0,12,12
21,3088,1,4594162771707952059,0,32,20
21,3088,0,7625923668379592734,0,55,23
21,3089,2,2184203901330450007,0,12,12
21,3089,1,4594162771707952059,0,35,23
21,3089,0,7625923668379592734,0,57,22
21,3090,2,2184203901330450007,0,13,13
21,3090,1,4594162771707952059,0,71,58
21,3090,0,7625923668379592734,0,94,23
21,3091,2,2184203901330450007,0,13,13
21,3091,1,4594162771707952059,0,33,20
21,3091,0,7625923668379592734,0,52,19
21,3092,2,2184203901330450007,0,12,12
21,3092,1,4594162771707952059,0,35,23
21,3092,0,7625923668379592734,0,55,20
21,3093,2,2184203901330450007,0,40,40
21,3093,1,4594162771707952059,0,60,20
21,3093,0,7625923668379592734,0,82,22
21,3094,2,2184203901330450007,0,12,12
21,3094,1,4594162771707952059,0,35,23
21,3094,0,7625923668379592734,0,55,20
21,3095,2,2184203901330450007,0,12,12
21,3095,1,4594162771707952059,0,35,23
21,3095,0,7625923668379592734,0,58,23
21,3096,2,2184203901330450007,0,12,12
21,3096,1,4594162771707952059,0,33,21
21,3096,0,7625923668379592734,0,58,25
21,3097,2,2184203901330450007,0,13,13
21,3097,1,4594162771707952059,0,33,20
21,3097,0,7625923668379592734,0,56,23
21,3098,2,2184203901330450007,0,12,12
21,3098,1,4594162771707952059,0,33,21
21,3098,0,7625923668379592734,0,57,24
21,3099,2,2184203901330450007,0,12,12
21,3099,1,4594162771707952059,0,36,24
21,3099,0,7625923668379592734,0,59,23
21,3100,2,2184203901330450007,0,11,11
21,3100,1,4594162771707952059,0,33,22
21,3100,0,7625923668379592734,0,58,25
21,3101,2,2184203901330450007,0,12,12
21,3101,1,4594162771707952059,0,35,23
21,3101,0,7625923668379592734,0,54,19
21,3102,2,2184203901330450007,0,12,12
21,3102,1,4594162771707952059,0,34,22
21,3102,0,7625923668379592734,0,55,21
21,3103,2,2184203901330450007,0,12,12
21,3103,1,4594162771707952059,0,33,21
21,3103,0,7625923668379592734,0,57,24
21,3104,2,2184203901330450007,0,12,12
21,3104,1,4594162771707952059,0,32,20
21,3104,0,7625923668379592734,0,56,24
21,3105,2,2184203901330450007,0,12,12
21,3105,1,4594162771707952059,0,35,23
21,3105,0,7625923668379592734,0,62,27
21,3106,2,2184203901330450007,0,12,12
21,3106,1,4594162771707952059,0,33,21
21,3106,0,7625923668379592734,0,57,24
21,3107,2,2184203901330450007,0,13,13
21,3107,1,4594162771707952059,0,34,21
21,3107,0,7625923668379592734,0,54,20
21,3108,2,2184203901330450007,0,12,12
21,3108,1,4594162771707952059,0,34,22
21,3108,0,7625923668379592734,0,56,22
21,3109,2,2184203901330450007,0,13,13
21,3109,1,4594162771707952059,0,33,20
21,3109,0,7625923668379592734,0,56,23
21,3110,2,2184203901330450007,0,12,12
21,3110,1,4594162771707952059,0,32,20
21,3110,0,7625923668379592734,0,57,25
21,3111,2,2184203901330450007,0,12,12
21,3111,1,4594162771707952059,0,35,23
21,3111,0,7625923668379592734,0,54,19
21,3112,2,2184203901330450007,0,15,15
21,3112,1,4594162771707952059,0,34,19
21,3112,0,7625923668379592734,0,57,23
21,3113,2,2184203901330450007,0,14,14
21,3113,1,4594162771707952059,0,37,23
21,3113,0,7625923668379592734,0,56,19
21,3114,2,2184203901330450007,0,12,12
21,3114,1,4594162771707952059,0,33,21
21,3114,0,7625923668379592734,0,56,23
21,3115,2,2184203901330450007,0,12,12
21,3115,1,4594162771707952059,0,66,54
21,3115,0,7625923668379592734,0,86,20
21,3116,2,2184203901330450007,0,12,12
21,3116,1,4594162771707952059,0,35,23
21,3116,0,7625923668379592734,0,55,20
21,3117,2,2184203901330450007,0,12,12
21,3117,1,4594162771707952059,0,35,23
21,3117,0,7625923668379592734,0,55,20
21,3118,2,2184203901330450007,0,12,12
21,3118,1,4594162771707952059,0,36,24
21,3118,0,7625923668379592734,0,56,20
21,3119,2,2184203901330450007,0,11,11
21,3119,1,4594162771707952059,0,69,58
21,3119,0,7625923668379592734,0,93,24
21,3120,2,2184203901330450007,0,12,12
21,3120,1,4594162771707952059,0,33,21
21,3120,0,7625923668379592734,0,87,54
21,3121,2,2184203901330450007,0,15,15
21,3121,1,4594162771707952059,0,37,22
21,3121,0,7625923668379592734,0,58,21
21,3122,2,2184203901330450007,0,12,12
21,3122,1,4594162771707952059,0,36,24
21,3122,0,7625923668379592734,0,56,20
21,3123,2,2184203901330450007,0,12,12
21,3123,1,4594162771707952059,0,33,21
21,3123,0,7625923668379592734,0,57,24
21,3124,2,2184203901330450007,0,49,49
21,3124,1,4594162771707952059,0,71,22
21,3124,0,7625923668379592734,0,94,23
21,3125,2,2184203901330450007,0,12,12
21,3125,1,4594162771707952059,0,33,21
21,3125,0,7625923668379592734,0,57,24
21,3126,2,2184203901330450007,0,12,12
21,3126,1,4594162771707952059,0,33,21
21,3126,0,7625923668379592734,0,56,23
21,3127,2,2184203901330450007,0,12,12
21,3127,1,4594162771707952059,0,34,22
21,3127,0,7625923668379592734,0,56,22
21,3128,2,2184203901330450007,0,12,12
21,3128,1,4594162771707952059,0,35,23
21,3128,0,7625923668379592734,0,67,32
21,3129,2,2184203901330450007,0,12,12
21,3129,1,4594162771707952059,0,36,24
21,3129,0,7625923668379592734,0,56,20
21,3130,2,2184203901330450007,0,12,12
21,3130,1,4594162771707952059,0,36,24
21,3130,0,7625923668379592734,0,63,27
21,3131,2,2184203901330450007,0,12,12
21,3131,1,4594162771707952059,0,34,22
21,3131,0,7625923668379592734,0,55,21
21,3132,2,2184203901330450007,0,12,12
21,3132,1,4594162771707952059,0,33,21
21,3132,0,7625923668379592734,0,57,24
21,3133,2,2184203901330450007,0,12,12
21,3133,1,4594162771707952059,0,33,21
21,3133,0,7625923668379592734,0,56,23
21,3134,2,2184203901330450007,0,12,12
21,3134,1,4594162771707952059,0,33,21
21,3134,0,7625923668379592734,0,55,22
21,3135,2,2184203901330450007,0,12,12
21,3135,1,4594162771707952059,0,36,24
21,3135,0,7625923668379592734,0,59,23
21,3136,2,2184203901330450007,0,12,12
21,3136,1,4594162771707952059,0,33,21
21,3136,0,7625923668379592734,0,56,23
21,3137,2,2184203901330450007,0,12,12
21,3137,1,4594162771707952059,0,34,22
21,3137,0,7625923668379592734,0,54,20
21,3138,2,2184203901330450007,0,12,12
21,3138,1,4594162771707952059,0,32,20
21,3138,0,7625923668379592734,0,57,25
21,3139,2,2184203901330450007,0,12,12
21,3139,1,4594162771707952059,0,33,21
21,3139,0,7625923668379592734,0,57,24
21,3140,2,2184203901330450007,0,12,12
21,3140,1,4594162771707952059,0,33,21
21,3140,0,7625923668379592734,0,56,23
21,3141,2,2184203901330450007,0,12,12
21,3141,1,4594162771707952059,0,33,21
21,3141,0,7625923668379592734,0,56,23
21,3142,2,2184203901330450007,0,12,12
21,3142,1,4594162771707952059,0,36,24
21,3142,0,7625923668379592734,0,59,23
21,3143,2,2184203901330450007,0,15,15
21,3143,1,4594162771707952059,0,39,24
21,3143,0,7625923668379592734,0,62,23
21,3144,2,2184203901330450007,0,13,13
21,3144,1,4594162771707952059,0,33,20
21,3144,0,7625923668379592734,0,56,23
21,3145,2,2184203901330450007,0,12,12
21,3145,1,4594162771707952059,0,33,21
21,3145,0,7625923668379592734,0,56,23
21,3146,2,2184203901330450007,0,12,12
21,3146,1,4594162771707952059,0,33,21
21,3146,0,7625923668379592734,0,58,25
21,3147,2,2184203901330450007,0,12,12
21,3147,1,4594162771707952059,0,33,21
21,3147,0,7625923668379592734,0,55,22
21,3148,2,2184203901330450007,0,12,12
21,3148,1,4594162771707952059,0,31,19
21,3148,0,7625923668379592734,0,52,21
21,3149,2,2184203901330450007,0,12,12
21,3149,1,4594162771707952059,0,35,23
21,3149,0,7625923668379592734,0,54,19
21,3150,2,2184203901330450007,0,12,12
21,3150,1,4594162771707952059,0,36,24
21,3150,0,7625923668379592734,0,60,24
21,3151,2,2184203901330450007,0,12,12
21,3151,1,4594162771707952059,0,33,21
21,3151,0,7625923668379592734,0,57,24
21,3152,2,2184203901330450007,0,12,12
21,3152,1,4594162771707952059,0,33,21
21,3152,0,7625923668379592734,0,55,22
21,3153,2,2184203901330450007,0,12,12
21,3153,1,4594162771707952059,0,34,22
21,3153,0,7625923668379592734,0,56,22
21,3154,2,2184203901330450007,0,13,13
21,3154,1,4594162771707952059,0,35,22
21,3154,0,7625923668379592734,0,61,26
21,3155,2,2184203901330450007,0,12,12
21,3155,1,4594162771707952059,0,34,22
21,3155,0,7625923668379592734,0,54,20
21,3156,2,2184203901330450007,0,14,14
21,3156,1,4594162771707952059,0,33,19
21,3156,0,7625923668379592734,0,59,26
21,3157,2,2184203901330450007,0,12,12
21,3157,1,4594162771707952059,0,32,20
21,3157,0,7625923668379592734,0,82,50
21,3158,2,2184203901330450007,0,12,12
21,3158,1,4594162771707952059,0,33,21
21,3158,0,7625923668379592734,0,57,24
21,3159,2,2184203901330450007,0,12,12
21,3159,1,4594162771707952059,0,33,21
21,3159,0,7625923668379592734,0,57,24
21,3160,2,2184203901330450007,0,14,14
21,3160,1,4594162771707952059,0,37,23
21,3160,0,7625923668379592734,0,54,17
21,3161,2,2184203901330450007,0,12,12
21,3161,1,4594162771707952059,0,35,23
21,3161,0,7625923668379592734,0,54,19
21,3162,2,2184203901330450007,0,12,12
21,3162,1,4594162771707952059,0,35,23
21,3162,0,7625923668379592734,0,54,19
21,3163,2,2184203901330450007,0,18,18
21,3163,1,4594162771707952059,0,42,24
21,3163,0,7625923668379592734,0,60,18
21,3164,2,2184203901330450007,0,12,12
21,3164,1,4594162771707952059,0,33,21
21,3164,0,7625923668379592734,0,57,24
21,3165,2,2184203901330450007,0,13,13
21,3165,1,4594162771707952059,0,33,20
21,3165,0,7625923668379592734,0,56,23
21,3166,2,2184203901330450007,0,12,12
21,3166,1,4594162771707952059,0,34,22
21,3166,0,7625923668379592734,0,56,22
21,3167,2,2184203901330450007,0,13,13
21,3167,1,4594162771707952059,0,35,22
21,3167,0,7625923668379592734,0,55,20
21,3168,2,2184203901330450007,0,14,14
21,3168,1,4594162771707952059,0,34,20
21,3168,0,7625923668379592734,0,64,30
21,3169,2,2184203901330450007,0,16,16
21,3169,1,4594162771707952059,0,40,24
21,3169,0,7625923668379592734,0,63,23
21,3170,2,2184203901330450007,0,12,12
21,3170,1,4594162771707952059,0,34,22
21,3170,0,7625923668379592734,0,58,24
21,3171,2,2184203901330450007,0,17,17
21,3171,1,4594162771707952059,0,41,24
21,3171,0,7625923668379592734,0,62,21
21,3172,2,2184203901330450007,0,12,12
21,3172,1,4594162771707952059,0,33,21
21,3172,0,7625923668379592734,0,56,23
21,3173,2,2184203901330450007,0,12,12
21,3173,1,4594162771707952059,0,35,23
21,3173,0,7625923668379592734,0,59,24
21,3174,2,2184203901330450007,0,12,12
21,3174,1,4594162771707952059,0,35,23
21,3174,0,7625923668379592734,0,59,24
21,3175,2,2184203901330450007,0,12,12
21,3175,1,4594162771707952059,0,33,21
21,3175,0,7625923668379592734,0,56,23
21,3176,2,2184203901330450007,0,12,12
21,3176,1,4594162771707952059,0,32,20
21,3176,0,7625923668379592734,0,56,24
21,3177,2,2184203901330450007,0,12,12
21,3177,1,4594162771707952059,0,32,20
21,3177,0,7625923668379592734,0,57,25
21,3178,2,2184203901330450007,0,12,12
21,3178,1,4594162771707952059,0,33,21
21,3178,0,7625923668379592734,0,57,24
21,3179,2,2184203901330450007,0,12,12
21,3179,1,4594162771707952059,0,35,23
21,3179,0,7625923668379592734,0,57,22
21,3180,2,2184203901330450007,0,11,11
21,3180,1,4594162771707952059,0,36,25
21,3180,0,7625923668379592734,0,60,24
21,3181,2,2184203901330450007,0,12,12
21,3181,1,4594162771707952059,0,33,21
21,3181,0,7625923668379592734,0,55,22
21,3182,2,2184203901330450007,0,12,12
21,3182,1,4594162771707952059,0,33,21
21,3182,0,7625923668379592734,0,57,24
21,3183,2,2184203901330450007,0,12,12
21,3183,1,4594162771707952059,0,32,20
21,3183,0,7625923668379592734,0,55,23
21,3184,2,2184203901330450007,0,12,12
21,3184,1,4594162771707952059,0,33,21
21,3184,0,7625923668379592734,0,57,24
21,3185,2,2184203901330450007,0,13,13
21,3185,1,4594162771707952059,0,35,22
21,3185,0,7625923668379592734,0,55,20
21,3186,2,2184203901330450007,0,13,13
21,3186,1,4594162771707952059,0,36,23
21,3186,0,7625923668379592734,0,59,23
21,3187,2,2184203901330450007,0,12,12
21,3187,1,4594162771707952059,0,35,23
21,3187,0,7625923668379592734,0,58,23
21,3188,2,2184203901330450007,0,12,12
21,3188,1,4594162771707952059,0,33,21
21,3188,0,7625923668379592734,0,57,24
21,3189,2,2184203901330450007,0,11,11
21,3189,1,4594162771707952059,0,33,22
21,3189,0,7625923668379592734,0,58,25
21,3190,2,2184203901330450007,0,12,12
21,3190,1,4594162771707952059,0,33,21
21,3190,0,7625923668379592734,0,57,24
21,3191,2,2184203901330450007,0,12,12
21,3191,1,4594162771707952059,0,62,50
21,3191,0,7625923668379592734,0,82,20
21,3192,2,2184203901330450007,0,14,14
21,3192,1,4594162771707952059,0,34,20
21,3192,0,7625923668379592734,0,59,25
21,3193,2,2184203901330450007,0,11,11
21,3193,1,4594162771707952059,0,45,34
21,3193,0,7625923668379592734,0,76,31
21,3194,2,2184203901330450007,0,13,13
21,3194,1,4594162771707952059,0,34,21
21,3194,0,7625923668379592734,0,58,24
21,3195,2,2184203901330450007,0,11,11
21,3195,1,4594162771707952059,0,40,29
21,3195,0,7625923668379592734,0,62,22
21,3196,2,2184203901330450007,0,12,12
21,3196,1,4594162771707952059,0,33,21
21,3196,0,7625923668379592734,0,57,24
21,3197,2,2184203901330450007,0,13,13
21,3197,1,4594162771707952059,0,32,19
21,3197,0,7625923668379592734,0,63,31
21,3198,2,2184203901330450007,0,12,12
21,3198,1,4594162771707952059,0,35,23
21,3198,0,7625923668379592734,0,62,27
21,3199,2,2184203901330450007,0,12,12
21,3199,1,4594162771707952059,0,33,21
21,3199,0,7625923668379592734,0,55,22
21,3200,2,2184203901330450007,0,12,12
21,3200,1,4594162771707952059,0,32,20
21,3200,0,7625923668379592734,0,57,25
21,3201,2,2184203901330450007,0,11,11
21,3201,1,4594162771707952059,0,33,22
21,3201,0,7625923668379592734,0,56,23
21,3202,2,2184203901330450007,0,13,13
21,3202,1,4594162771707952059,0,36,23
21,3202,0,7625923668379592734,0,56,20
21,3203,2,2184203901330450007,0,12,12
21,3203,1,4594162771707952059,0,35,23
21,3203,0,7625923668379592734,0,58,23
21,3204,2,2184203901330450007,0,12,12
21,3204,1,4594162771707952059,0,43,31
21,3204,0,7625923668379592734,0,63,20
21,3205,2,2184203901330450007,0,11,11
21,3205,1,4594162771707952059,0,35,24
21,3205,0,7625923668379592734,0,55,20
21,3206,2,2184203901330450007,0,12,12
21,3206,1,4594162771707952059,0,33,21
21,3206,0,7625923668379592734,0,56,23
21,3207,2,2184203901330450007,0,12,12
21,3207,1,4594162771707952059,0,34,22
21,3207,0,7625923668379592734,0,56,22
21,3208,2,2184203901330450007,0,12,12
21,3208,1,4594162771707952059,0,32,20
21,3208,0,7625923668379592734,0,56,24
21,3209,2,2184203901330450007,0,12,12
21,3209,1,4594162771707952059,0,34,22
21,3209,0,7625923668379592734,0,58,24
21,3210,2,2184203901330450007,0,12,12
21,3210,1,4594162771707952059,0,35,23
21,3210,0,7625923668379592734,0,56,21
21,3211,2,2184203901330450007,0,12,12
21,3211,1,4594162771707952059,0,32,20
21,3211,0,7625923668379592734,0,57,25
21,3212,2,2184203901330450007,0,12,12
21,3212,1,4594162771707952059,0,33,21
21,3212,0,7625923668379592734,0,58,25
21,3213,2,2184203901330450007,0,11,11
21,3213,1,4594162771707952059,0,33,22
21,3213,0,7625923668379592734,0,58,25
21,3214,2,2184203901330450007,0,12,12
21,3214,1,4594162771707952059,0,34,22
21,3214,0,7625923668379592734,0,56,22
21,3215,2,2184203901330450007,0,12,12
21,3215,1,4594162771707952059,0,36,24
21,3215,0,7625923668379592734,0,55,19
21,3216,2,2184203901330450007,0,13,13
21,3216,1,4594162771707952059,0,34,21
21,3216,0,7625923668379592734,0,58,24
21,3217,2,2184203901330450007,0,22,22
21,3217,1,4594162771707952059,0,42,20
21,3217,0,7625923668379592734,0,68,26
21,3218,2,2184203901330450007,0,16,16
21,3218,1,4594162771707952059,0,35,19
21,3218,0,7625923668379592734,0,62,27
21,3219,2,2184203901330450007,0,12,12
21,3219,1,4594162771707952059,0,33,21
21,3219,0,7625923668379592734,0,57,24
21,3220,2,2184203901330450007,0,12,12
21,3220,1,4594162771707952059,0,34,22
21,3220,0,7625923668379592734,0,58,24
21,3221,2,2184203901330450007,0,18,18
21,3221,1,4594162771707952059,0,43,25
21,3221,0,7625923668379592734,0,65,22
21,3222,2,2184203901330450007,0,12,12
21,3222,1,4594162771707952059,0,32,20
21,3222,0,7625923668379592734,0,56,24
21,3223,2,2184203901330450007,0,15,15
21,3223,1,4594162771707952059,0,35,20
21,3223,0,7625923668379592734,0,65,30
21,3224,2,2184203901330450007,0,12,12
21,3224,1,4594162771707952059,0,33,21
21,3224,0,7625923668379592734,0,56,23
21,3225,2,2184203901330450007,0,12,12
21,3225,1,4594162771707952059,0,33,21
21,3225,0,7625923668379592734,0,55,22
21,3226,2,2184203901330450007,0,15,15
21,3226,1,4594162771707952059,0,38,23
21,3226,0,7625923668379592734,0,57,19
21,3227,2,2184203901330450007,0,12,12
21,3227,1,4594162771707952059,0,35,23
21,3227,0,7625923668379592734,0,57,22
21,3228,2,2184203901330450007,0,14,14
21,3228,1,4594162771707952059,0,34,20
21,3228,0,7625923668379592734,0,59,25
21,3229,2,2184203901330450007,0,12,12
21,3229,1,4594162771707952059,0,33,21
21,3229,0,7625923668379592734,0,57,24
21,3230,2,2184203901330450007,0,12,12
21,3230,1,4594162771707952059,0,35,23
21,3230,0,7625923668379592734,0,58,23
21,3231,2,2184203901330450007,0,12,12
21,3231,1,4594162771707952059,0,33,21
21,3231,0,7625923668379592734,0,56,23
21,3232,2,2184203901330450007,0,13,13
21,3232,1,4594162771707952059,0,35,22
21,3232,0,7625923668379592734,0,58,23
21,3233,2,2184203901330450007,0,12,12
21,3233,1,4594162771707952059,0,34,22
21,3233,0,7625923668379592734,0,54,20
21,3234,2,2184203901330450007,0,12,12
21,3234,1,4594162771707952059,0,43,31
21,3234,0,7625923668379592734,0,64,21
21,3235,2,2184203901330450007,0,12,12
21,3235,1,4594162771707952059,0,35,23
21,3235,0,7625923668379592734,0,58,23
21,3236,2,2184203901330450007,0,12,12
21,3236,1,4594162771707952059,0,33,21
21,3236,0,7625923668379592734,0,59,26
21,3237,2,2184203901330450007,0,12,12
21,3237,1,4594162771707952059,0,34,22
21,3237,0,7625923668379592734,0,56,22
21,3238,2,2184203901330450007,0,12,12
21,3238,1,4594162771707952059,0,32,20
21,3238,0,7625923668379592734,0,55,23
21,3239,2,2184203901330450007,0,13,13
21,3239,1,4594162771707952059,0,35,22
21,3239,0,7625923668379592734,0,56,21
21,3240,2,2184203901330450007,0,12,12
21,3240,1,4594162771707952059,0,36,24
21,3240,0,7625923668379592734,0,56,20
21,3241,2,2184203901330450007,0,11,11
21,3241,1,4594162771707952059,0,37,26
21,3241,0,7625923668379592734,0,61,24
21,3242,2,2184203901330450007,0,12,12
21,3242,1,4594162771707952059,0,34,22
21,3242,0,7625923668379592734,0,58,24
21,3243,2,2184203901330450007,0,13,13
21,3243,1,4594162771707952059,0,33,20
21,3243,0,7625923668379592734,0,91,58
21,3244,2,2184203901330450007,0,15,15
21,3244,1,4594162771707952059,0,34,19
21,3244,0,7625923668379592734,0,61,27
21,3245,2,2184203901330450007,0,12,12
21,3245,1,4594162771707952059,0,36,24
21,3245,0,7625923668379592734,0,57,21
21,3246,2,2184203901330450007,0,13,13
21,3246,1,4594162771707952059,0,36,23
21,3246,0,7625923668379592734,0,56,20
21,3247,2,2184203901330450007,0,14,14
21,3247,1,4594162771707952059,0,42,28
21,3247,0,7625923668379592734,0,67,25
21,3248,2,2184203901330450007,0,12,12
21,3248,1,4594162771707952059,0,34,22
21,3248,0,7625923668379592734,0,54,20
21,3249,2,2184203901330450007,0,12,12
21,3249,1,4594162771707952059,0,33,21
21,3249,0,7625923668379592734,0,58,25
21,3250,2,2184203901330450007,0,12,12
21,3250,1,4594162771707952059,0,34,22
21,3250,0,7625923668379592734,0,58,24
21,3251,2,2184203901330450007,0,14,14
21,3251,1,4594162771707952059,0,37,23
21,3251,0,7625923668379592734,0,55,18
21,3252,2,2184203901330450007,0,13,13
21,3252,1,4594162771707952059,0,36,23
21,3252,0,7625923668379592734,0,56,20
21,3253,2,2184203901330450007,0,12,12
21,3253,1,4594162771707952059,0,35,23
21,3253,0,7625923668379592734,0,54,19
21,3254,2,2184203901330450007,0,12,12
21,3254,1,4594162771707952059,0,33,21
21,3254,0,7625923668379592734,0,55,22
21,3255,2,2184203901330450007,0,12,12
21,3255,1,4594162771707952059,0,33,21
21,3255,0,7625923668379592734,0,57,24
21,3256,2,2184203901330450007,0,12,12
21,3256,1,4594162771707952059,0,33,21
21,3256,0,7625923668379592734,0,57,24
21,3257,2,2184203901330450007,0,12,12
21,3257,1,4594162771707952059,0,36,24
21,3257,0,7625923668379592734,0,58,22
21,3258,2,2184203901330450007,0,15,15
21,3258,1,4594162771707952059,0,37,22
21,3258,0,7625923668379592734,0,56,19
21,3259,2,2184203901330450007,0,12,12
21,3259,1,4594162771707952059,0,33,21
21,3259,0,7625923668379592734,0,56,23
21,3260,2,2184203901330450007,0,51,51
21,3260,1,4594162771707952059,0,73,22
21,3260,0,7625923668379592734,0,93,20
21,3261,2,2184203901330450007,0,21,21
21,3261,1,4594162771707952059,0,40,19
21,3261,0,7625923668379592734,0,60,20
21,3262,2,2184203901330450007,0,12,12
21,3262,1,4594162771707952059,0,34,22
21,3262,0,7625923668379592734,0,56,22
21,3263,2,2184203901330450007,0,12,12
21,3263,1,4594162771707952059,0,33,21
21,3263,0,7625923668379592734,0,58,25
21,3264,2,2184203901330450007,0,14,14
21,3264,1,4594162771707952059,0,30,16
21,3264,0,7625923668379592734,0,60,30
21,3265,2,2184203901330450007,0,12,12
21,3265,1,4594162771707952059,0,33,21
21,3265,0,7625923668379592734,0,57,24
21,3266,2,2184203901330450007,0,12,12
21,3266,1,4594162771707952059,0,34,22
21,3266,0,7625923668379592734,0,58,24
21,3267,2,2184203901330450007,0,12,12
21,3267,1,4594162771707952059,0,32,20
21,3267,0,7625923668379592734,0,57,25
21,3268,2,2184203901330450007,0,13,13
21,3268,1,4594162771707952059,0,37,24
21,3268,0,7625923668379592734,0,57,20
21,3269,2,2184203901330450007,0,14,14
21,3269,1,4594162771707952059,0,34,20
21,3269,0,7625923668379592734,0,61,27
21,3270,2,2184203901330450007,0,12,12
21,3270,1,4594162771707952059,0,35,23
21,3270,0,7625923668379592734,0,57,22
21,3271,2,2184203901330450007,0,11,11
21,3271,1,4594162771707952059,0,44,33
21,3271,0,7625923668379592734,0,59,15
21,3272,2,2184203901330450007,0,12,12
21,3272,1,4594162771707952059,0,33,21
21,3272,0,7625923668379592734,0,57,24
21,3273,2,2184203901330450007,0,12,12
21,3273,1,4594162771707952059,0,34,22
21,3273,0,7625923668379592734,0,56,22
21,3274,2,2184203901330450007,0,11,11
21,3274,1,4594162771707952059,0,35,24
21,3274,0,7625923668379592734,0,62,27
21,3275,2,2184203901330450007,0,14,14
21,3275,1,4594162771707952059,0,34,20
21,3275,0,7625923668379592734,0,59,25
21,3276,2,2184203901330450007,0,12,12
21,3276,1,4594162771707952059,0,35,23
21,3276,0,7625923668379592734,0,56,21
21,3277,2,2184203901330450007,0,15,15
21,3277,1,4594162771707952059,0,34,19
21,3277,0,7625923668379592734,0,64,30
21,3278,2,2184203901330450007,0,12,12
21,3278,1,4594162771707952059,0,33,21
21,3278,0,7625923668379592734,0,56,23
21,3279,2,2184203901330450007,0,11,11
21,3279,1,4594162771707952059,0,33,22
21,3279,0,7625923668379592734,0,56,23
21,3280,2,2184203901330450007,0,12,12
21,3280,1,4594162771707952059,0,33,21
21,3280,0,7625923668379592734,0,57,24
21,3281,2,2184203901330450007,0,12,12
21,3281,1,4594162771707952059,0,33,21
21,3281,0,7625923668379592734,0,57,24
21,3282,2,2184203901330450007,0,13,13
21,3282,1,4594162771707952059,0,36,23
21,3282,0,7625923668379592734,0,56,20
21,3283,2,2184203901330450007,0,14,14
21,3283,1,4594162771707952059,0,34,20
21,3283,0,7625923668379592734,0,57,23
21,3284,2,2184203901330450007,0,12,12
21,3284,1,4594162771707952059,0,37,25
21,3284,0,7625923668379592734,0,55,18
21,3285,2,2184203901330450007,0,12,12
21,3285,1,4594162771707952059,0,32,20
21,3285,0,7625923668379592734,0,56,24
21,3286,2,2184203901330450007,0,12,12
21,3286,1,4594162771707952059,0,33,21
21,3286,0,7625923668379592734,0,57,24
21,3287,2,2184203901330450007,0,12,12
21,3287,1,4594162771707952059,0,33,21
21,3287,0,7625923668379592734,0,58,25
21,3288,2,2184203901330450007,0,15,15
21,3288,1,4594162771707952059,0,34,19
21,3288,0,7625923668379592734,0,59,25
21,3289,2,2184203901330450007,0,12,12
21,3289,1,4594162771707952059,0,33,21
21,3289,0,7625923668379592734,0,57,24
21,3290,2,2184203901330450007,0,13,13
21,3290,1,4594162771707952059,0,36,23
21,3290,0,7625923668379592734,0,58,22
21,3291,2,2184203901330450007,0,12,12
21,3291,1,4594162771707952059,0,33,21
21,3291,0,7625923668379592734,0,56,23
21,3292,2,2184203901330450007,0,12,12
21,3292,1,4594162771707952059,0,34,22
21,3292,0,7625923668379592734,0,56,22
21,3293,2,2184203901330450007,0,13,13
21,3293,1,4594162771707952059,0,36,23
21,3293,0,7625923668379592734,0,55,19
21,3294,2,2184203901330450007,0,13,13
21,3294,1,4594162771707952059,0,36,23
21,3294,0,7625923668379592734,0,60,24
21,3295,2,2184203901330450007,0,12,12
21,3295,1,4594162771707952059,0,33,21
21,3295,0,7625923668379592734,0,56,23
21,3296,2,2184203901330450007,0,14,14
21,3296,1,4594162771707952059,0,34,20
21,3296,0,7625923668379592734,0,62,28
21,3297,2,2184203901330450007,0,12,12
21,3297,1,4594162771707952059,0,33,21
21,3297,0,7625923668379592734,0,56,23
21,3298,2,2184203901330450007,0,12,12
21,3298,1,4594162771707952059,0,33,21
21,3298,0,7625923668379592734,0,58,25
21,3299,2,2184203901330450007,0,12,12
21,3299,1,4594162771707952059,0,33,21
21,3299,0,7625923668379592734,0,58,25
21,3300,2,2184203901330450007,0,12,12
21,3300,1,4594162771707952059,0,35,23
21,3300,0,7625923668379592734,0,59,24
21,3301,2,2184203901330450007,0,12,12
21,3301,1,4594162771707952059,0,35,23
21,3301,0,7625923668379592734,0,59,24
21,3302,2,2184203901330450007,0,12,12
21,3302,1,4594162771707952059,0,35,23
21,3302,0,7625923668379592734,0,58,23
21,3303,2,2184203901330450007,0,12,12
21,3303,1,4594162771707952059,0,33,21
21,3303,0,7625923668379592734,0,58,25
21,3304,2,2184203901330450007,0,12,12
21,3304,1,4594162771707952059,0,34,22
21,3304,0,7625923668379592734,0,55,21
21,3305,2,2184203901330450007,0,12,12
21,3305,1,4594162771707952059,0,38,26
21,3305,0,7625923668379592734,0,57,19
21,3306,2,2184203901330450007,0,12,12
21,3306,1,4594162771707952059,0,34,22
21,3306,0,7625923668379592734,0,56,22
21,3307,2,2184203901330450007,0,12,12
21,3307,1,4594162771707952059,0,36,24
21,3307,0,7625923668379592734,0,61,25
21,3308,2,2184203901330450007,0,15,15
21,3308,1,4594162771707952059,0,34,19
21,3308,0,7625923668379592734,0,61,27
21,3309,2,2184203901330450007,0,12,12
21,3309,1,4594162771707952059,0,33,21
21,3309,0,7625923668379592734,0,58,25
21,3310,2,2184203901330450007,0,12,12
21,3310,1,4594162771707952059,0,33,21
21,3310,0,7625923668379592734,0,56,23
21,3311,2,2184203901330450007,0,13,13
21,3311,1,4594162771707952059,0,33,20
21,3311,0,7625923668379592734,0,56,23
21,3312,2,2184203901330450007,0,12,12
21,3312,1,4594162771707952059,0,35,23
21,3312,0,7625923668379592734,0,62,27
21,3313,2,2184203901330450007,0,12,12
21,3313,1,4594162771707952059,0,35,23
21,3313,0,7625923668379592734,0,64,29
21,3314,2,2184203901330450007,0,12,12
21,3314,1,4594162771707952059,0,37,25
21,3314,0,7625923668379592734,0,56,19
21,3315,2,2184203901330450007,0,12,12
21,3315,1,4594162771707952059,0,33,21
21,3315,0,7625923668379592734,0,56,23
21,3316,2,2184203901330450007,0,13,13
21,3316,1,4594162771707952059,0,33,20
21,3316,0,7625923668379592734,0,56,23
21,3317,2,2184203901330450007,0,12,12
21,3317,1,4594162771707952059,0,33,21
21,3317,0,7625923668379592734,0,57,24
21,3318,2,2184203901330450007,0,23,23
21,3318,1,4594162771707952059,0,42,19
21,3318,0,7625923668379592734,0,63,21
21,3319,2,2184203901330450007,0,12,12
21,3319,1,4594162771707952059,0,33,21
21,3319,0,7625923668379592734,0,57,24
21,3320,2,2184203901330450007,0,13,13
21,3320,1,4594162771707952059,0,36,23
21,3320,0,7625923668379592734,0,59,23
21,3321,2,2184203901330450007,0,14,14
21,3321,1,4594162771707952059,0,36,22
21,3321,0,7625923668379592734,0,55,19
21,3322,2,2184203901330450007,0,12,12
21,3322,1,4594162771707952059,0,33,21
21,3322,0,7625923668379592734,0,58,25
21,3323,2,2184203901330450007,0,12,12
21,3323,1,4594162771707952059,0,33,21
21,3323,0,7625923668379592734,0,55,22
21,3324,2,2184203901330450007,0,12,12
21,3324,1,4594162771707952059,0,33,21
21,3324,0,7625923668379592734,0,58,25
21,3325,2,2184203901330450007,0,13,13
21,3325,1,4594162771707952059,0,35,22
21,3325,0,7625923668379592734,0,55,20
21,3326,2,2184203901330450007,0,12,12
21,3326,1,4594162771707952059,0,34,22
21,3326,0,7625923668379592734,0,55,21
21,3327,2,2184203901330450007,0,12,12
21,3327,1,4594162771707952059,0,36,24
21,3327,0,7625923668379592734,0,66,30
21,3328,2,2184203901330450007,0,12,12
21,3328,1,4594162771707952059,0,33,21
21,3328,0,7625923668379592734,0,58,25
21,3329,2,2184203901330450007,0,11,11
21,3329,1,4594162771707952059,0,33,22
21,3329,0,7625923668379592734,0,58,25
21,3330,2,2184203901330450007,0,12,12
21,3330,1,4594162771707952059,0,33,21
21,3330,0,7625923668379592734,0,56,23
21,3331,2,2184203901330450007,0,12,12
21,3331,1,4594162771707952059,0,41,29
21,3331,0,7625923668379592734,0,60,19
21,3332,2,2184203901330450007,0,12,12
21,3332,1,4594162771707952059,0,36,24
21,3332,0,7625923668379592734,0,60,24
21,3333,2,2184203901330450007,0,12,12
21,3333,1,4594162771707952059,0,33,21
21,3333,0,7625923668379592734,0,56,23
21,3334,2,2184203901330450007,0,12,12
21,3334,1,4594162771707952059,0,34,22
21,3334,0,7625923668379592734,0,56,22
21,3335,2,2184203901330450007,0,12,12
21,3335,1,4594162771707952059,0,33,21
21,3335,0,7625923668379592734,0,57,24
21,3336,2,2184203901330450007,0,12,12
21,3336,1,4594162771707952059,0,33,21
21,3336,0,7625923668379592734,0,57,24
21,3337,2,2184203901330450007,0,12,12
21,3337,1,4594162771707952059,0,36,24
21,3337,0,7625923668379592734,0,55,19
21,3338,2,2184203901330450007,0,11,11
21,3338,1,4594162771707952059,0,31,20
21,3338,0,7625923668379592734,0,54,23
21,3339,2,2184203901330450007,0,12,12
21,3339,1,4594162771707952059,0,33,21
21,3339,0,7625923668379592734,0,57,24
21,3340,2,2184203901330450007,0,12,12
21,3340,1,4594162771707952059,0,34,22
21,3340,0,7625923668379592734,0,57,23
21,3341,2,2184203901330450007,0,12,12
21,3341,1,4594162771707952059,0,33,21
21,3341,0,7625923668379592734,0,57,24
21,3342,2,2184203901330450007,0,12,12
21,3342,1,4594162771707952059,0,35,23
21,3342,0,7625923668379592734,0,57,22
21,3343,2,2184203901330450007,0,13,13
21,3343,1,4594162771707952059,0,34,21
21,3343,0,7625923668379592734,0,59,25
21,3344,2,2184203901330450007,0,13,13
21,3344,1,4594162771707952059,0,35,22
21,3344,0,7625923668379592734,0,55,20
21,3345,2,2184203901330450007,0,12,12
21,3345,1,4594162771707952059,0,32,20
21,3345,0,7625923668379592734,0,52,20
21,3346,2,2184203901330450007,0,13,13
21,3346,1,4594162771707952059,0,35,22
21,3346,0,7625923668379592734,0,55,20
21,3347,2,2184203901330450007,0,12,12
21,3347,1,4594162771707952059,0,33,21
21,3347,0,7625923668379592734,0,57,24
21,3348,2,2184203901330450007,0,12,12
21,3348,1,4594162771707952059,0,32,20
21,3348,0,7625923668379592734,0,56,24
21,3349,2,2184203901330450007,0,17,17
21,3349,1,4594162771707952059,0,36,19
21,3349,0,7625923668379592734,0,60,24
21,3350,2,2184203901330450007,0,12,12
21,3350,1,4594162771707952059,0,36,24
21,3350,0,7625923668379592734,0,56,20
21,3351,2,2184203901330450007,0,14,14
21,3351,1,4594162771707952059,0,34,20
21,3351,0,7625923668379592734,0,60,26
21,3352,2,2184203901330450007,0,12,12
21,3352,1,4594162771707952059,0,33,21
21,3352,0,7625923668379592734,0,52,19
21,3353,2,2184203901330450007,0,12,12
21,3353,1,4594162771707952059,0,33,21
21,3353,0,7625923668379592734,0,57,24
21,3354,2,2184203901330450007,0,12,12
21,3354,1,4594162771707952059,0,32,20
21,3354,0,7625923668379592734,0,58,26
21,3355,2,2184203901330450007,0,11,11
21,3355,1,4594162771707952059,0,39,28
21,3355,0,7625923668379592734,0,60,21
21,3356,2,2184203901330450007,0,13,13
21,3356,1,4594162771707952059,0,37,24
21,3356,0,7625923668379592734,0,57,20
21,3357,2,2184203901330450007,0,12,12
21,3357,1,4594162771707952059,0,62,50
21,3357,0,7625923668379592734,0,83,21
21,3358,2,2184203901330450007,0,12,12
21,3358,1,4594162771707952059,0,33,21
21,3358,0,7625923668379592734,0,57,24
21,3359,2,2184203901330450007,0,12,12
21,3359,1,4594162771707952059,0,33,21
21,3359,0,7625923668379592734,0,51,18
21,3360,2,2184203901330450007,0,12,12
21,3360,1,4594162771707952059,0,35,23
21,3360,0,7625923668379592734,0,55,20
21,3361,2,2184203901330450007,0,12,12
21,3361,1,4594162771707952059,0,33,21
21,3361,0,7625923668379592734,0,58,25
21,3362,2,2184203901330450007,0,12,12
21,3362,1,4594162771707952059,0,35,23
21,3362,0,7625923668379592734,0,54,19
21,3363,2,2184203901330450007,0,12,12
21,3363,1,4594162771707952059,0,36,24
21,3363,0,7625923668379592734,0,55,19
21,3364,2,2184203901330450007,0,12,12
21,3364,1,4594162771707952059,0,33,21
21,3364,0,7625923668379592734,0,55,22
21,3365,2,2184203901330450007,0,12,12
21,3365,1,4594162771707952059,0,33,21
21,3365,0,7625923668379592734,0,57,24
21,3366,2,2184203901330450007,0,12,12
21,3366,1,4594162771707952059,0,32,20
21,3366,0,7625923668379592734,0,52,20
21,3367,2,2184203901330450007,0,12,12
21,3367,1,4594162771707952059,0,34,22
21,3367,0,7625923668379592734,0,54,20
21,3368,2,2184203901330450007,0,12,12
21,3368,1,4594162771707952059,0,34,22
21,3368,0,7625923668379592734,0,55,21
21,3369,2,2184203901330450007,0,12,12
21,3369,1,4594162771707952059,0,35,23
21,3369,0,7625923668379592734,0,58,23
21,3370,2,2184203901330450007,0,12,12
21,3370,1,4594162771707952059,0,33,21
21,3370,0,7625923668379592734,0,58,25
21,3371,2,2184203901330450007,0,13,13
21,3371,1,4594162771707952059,0,69,56
21,3371,0,7625923668379592734,0,88,19
21,3372,2,2184203901330450007,0,12,12
21,3372,1,4594162771707952059,0,35,23
21,3372,0,7625923668379592734,0,58,23
21,3373,2,2184203901330450007,0,13,13
21,3373,1,4594162771707952059,0,33,20
21,3373,0,7625923668379592734,0,57,24
21,3374,2,2184203901330450007,0,13,13
21,3374,1,4594162771707952059,0,35,22
21,3374,0,7625923668379592734,0,55,20
21,3375,2,2184203901330450007,0,12,12
21,3375,1,4594162771707952059,0,36,24
21,3375,0,7625923668379592734,0,55,19
21,3376,2,2184203901330450007,0,13,13
21,3376,1,4594162771707952059,0,33,20
21,3376,0,7625923668379592734,0,52,19
21,3377,2,2184203901330450007,0,14,14
21,3377,1,4594162771707952059,0,40,26
21,3377,0,7625923668379592734,0,58,18
21,3378,2,2184203901330450007,0,12,12
21,3378,1,4594162771707952059,0,38,26
21,3378,0,7625923668379592734,0,58,20
21,3379,2,2184203901330450007,0,13,13
21,3379,1,4594162771707952059,0,34,21
21,3379,0,7625923668379592734,0,58,24
21,3380,2,2184203901330450007,0,15,15
21,3380,1,4594162771707952059,0,39,24
21,3380,0,7625923668379592734,0,61,22
21,3381,2,2184203901330450007,0,12,12
21,3381,1,4594162771707952059,0,35,23
21,3381,0,7625923668379592734,0,55,20
21,3382,2,2184203901330450007,0,12,12
21,3382,1,4594162771707952059,0,34,22
21,3382,0,7625923668379592734,0,58,24
21,3383,2,2184203901330450007,0,13,13
21,3383,1,4594162771707952059,0,33,20
21,3383,0,7625923668379592734,0,76,43
21,3384,2,2184203901330450007,0,12,12
21,3384,1,4594162771707952059,0,33,21
21,3384,0,7625923668379592734,0,55,22
21,3385,2,2184203901330450007,0,12,12
21,3385,1,4594162771707952059,0,36,24
21,3385,0,7625923668379592734,0,60,24
21,3386,2,2184203901330450007,0,12,12
21,3386,1,4594162771707952059,0,41,29
21,3386,0,7625923668379592734,0,61,20
21,3387,2,2184203901330450007,0,12,12
21,3387,1,4594162771707952059,0,33,21
21,3387,0,7625923668379592734,0,55,22
21,3388,2,2184203901330450007,0,12,12
21,3388,1,4594162771707952059,0,33,21
21,3388,0,7625923668379592734,0,55,22
21,3389,2,2184203901330450007,0,12,12
21,3389,1,4594162771707952059,0,33,21
21,3389,0,7625923668379592734,0,55,22
21,3390,2,2184203901330450007,0,12,12
21,3390,1,4594162771707952059,0,34,22
21,3390,0,7625923668379592734,0,60,26
21,3391,2,2184203901330450007,0,12,12
21,3391,1,4594162771707952059,0,32,20
21,3391,0,7625923668379592734,0,58,26
21,3392,2,2184203901330450007,0,11,11
21,3392,1,4594162771707952059,0,34,23
21,3392,0,7625923668379592734,0,55,21
21,3393,2,2184203901330450007,0,10,10
21,3393,1,4594162771707952059,0,42,32
21,3393,0,7625923668379592734,0,64,22
21,3394,2,2184203901330450007,0,12,12
21,3394,1,4594162771707952059,0,32,20
21,3394,0,7625923668379592734,0,58,26
21,3395,2,2184203901330450007,0,12,12
21,3395,1,4594162771707952059,0,34,22
21,3395,0,7625923668379592734,0,58,24
21,3396,2,2184203901330450007,0,12,12
21,3396,1,4594162771707952059,0,34,22
21,3396,0,7625923668379592734,0,57,23
21,3397,2,2184203901330450007,0,12,12
21,3397,1,4594162771707952059,0,33,21
21,3397,0,7625923668379592734,0,57,24
21,3398,2,2184203901330450007,0,15,15
21,3398,1,4594162771707952059,0,34,19
21,3398,0,7625923668379592734,0,58,24
21,3399,2,2184203901330450007,0,12,12
21,3399,1,4594162771707952059,0,35,23
21,3399,0,7625923668379592734,0,56,21
21,3400,2,2184203901330450007,0,12,12
21,3400,1,4594162771707952059,0,34,22
21,3400,0,7625923668379592734,0,56,22
21,3401,2,2184203901330450007,0,12,12
21,3401,1,4594162771707952059,0,33,21
21,3401,0,7625923668379592734,0,56,23
21,3402,2,2184203901330450007,0,11,11
21,3402,1,4594162771707952059,0,33,22
21,3402,0,7625923668379592734,0,57,24
21,3403,2,2184203901330450007,0,13,13
21,3403,1,4594162771707952059,0,33,20
21,3403,0,7625923668379592734,0,57,24
21,3404,2,2184203901330450007,0,12,12
21,3404,1,4594162771707952059,0,35,23
21,3404,0,7625923668379592734,0,54,19
21,3405,2,2184203901330450007,0,13,13
21,3405,1,4594162771707952059,0,33,20
21,3405,0,7625923668379592734,0,58,25
21,3406,2,2184203901330450007,0,12,12
21,3406,1,4594162771707952059,0,33,21
21,3406,0,7625923668379592734,0,57,24
21,3407,2,2184203901330450007,0,13,13
21,3407,1,4594162771707952059,0,33,20
21,3407,0,7625923668379592734,0,56,23
21,3408,2,2184203901330450007,0,12,12
21,3408,1,4594162771707952059,0,33,21
21,3408,0,7625923668379592734,0,79,46
21,3409,2,2184203901330450007,0,12,12
21,3409,1,4594162771707952059,0,33,21
21,3409,0,7625923668379592734,0,57,24
21,3410,2,2184203901330450007,0,13,13
21,3410,1,4594162771707952059,0,34,21
21,3410,0,7625923668379592734,0,58,24
21,3411,2,2184203901330450007,0,13,13
21,3411,1,4594162771707952059,0,35,22
21,3411,0,7625923668379592734,0,55,20
21,3412,2,2184203901330450007,0,12,12
21,3412,1,4594162771707952059,0,34,22
21,3412,0,7625923668379592734,0,55,21
21,3413,2,2184203901330450007,0,12,12
21,3413,1,4594162771707952059,0,33,21
21,3413,0,7625923668379592734,0,58,25
21,3414,2,2184203901330450007,0,10,10
21,3414,1,4594162771707952059,0,34,24
21,3414,0,7625923668379592734,0,53,19
21,3415,2,2184203901330450007,0,11,11
21,3415,1,4594162771707952059,0,33,22
21,3415,0,7625923668379592734,0,55,22
21,3416,2,2184203901330450007,0,12,12
21,3416,1,4594162771707952059,0,36,24
21,3416,0,7625923668379592734,0,56,20
21,3417,2,2184203901330450007,0,12,12
21,3417,1,4594162771707952059,0,36,24
21,3417,0,7625923668379592734,0,60,24
21,3418,2,2184203901330450007,0,22,22
21,3418,1,4594162771707952059,0,42,20
21,3418,0,7625923668379592734,0,66,24
21,3419,2,2184203901330450007,0,12,12
21,3419,1,4594162771707952059,0,34,22
21,3419,0,7625923668379592734,0,57,23
21,3420,2,2184203901330450007,0,12,12
21,3420,1,4594162771707952059,0,33,21
21,3420,0,7625923668379592734,0,58,25
21,3421,2,2184203901330450007,0,12,12
21,3421,1,4594162771707952059,0,30,18
21,3421,0,7625923668379592734,0,55,25
21,3422,2,2184203901330450007,0,15,15
21,3422,1,4594162771707952059,0,36,21
21,3422,0,7625923668379592734,0,57,21
21,3423,2,2184203901330450007,0,12,12
21,3423,1,4594162771707952059,0,35,23
21,3423,0,7625923668379592734,0,55,20
21,3424,2,2184203901330450007,0,11,11
21,3424,1,4594162771707952059,0,41,30
21,3424,0,7625923668379592734,0,63,22
21,3425,2,2184203901330450007,0,12,12
21,3425,1,4594162771707952059,0,33,21
21,3425,0,7625923668379592734,0,86,53
21,3426,2,2184203901330450007,0,12,12
21,3426,1,4594162771707952059,0,33,21
21,3426,0,7625923668379592734,0,57,24
21,3427,2,2184203901330450007,0,13,13
21,3427,1,4594162771707952059,0,34,21
21,3427,0,7625923668379592734,0,58,24
21,3428,2,2184203901330450007,0,12,12
21,3428,1,4594162771707952059,0,36,24
21,3428,0,7625923668379592734,0,56,20
21,3429,2,2184203901330450007,0,16,16
21,3429,1,4594162771707952059,0,40,24
21,3429,0,7625923668379592734,0,63,23
21,3430,2,2184203901330450007,0,15,15
21,3430,1,4594162771707952059,0,35,20
21,3430,0,7625923668379592734,0,64,29
21,3431,2,2184203901330450007,0,12,12
21,3431,1,4594162771707952059,0,32,20
21,3431,0,7625923668379592734,0,57,25
21,3432,2,2184203901330450007,0,12,12
21,3432,1,4594162771707952059,0,35,23
21,3432,0,7625923668379592734,0,55,20
21,3433,2,2184203901330450007,0,12,12
21,3433,1,4594162771707952059,0,33,21
21,3433,0,7625923668379592734,0,56,23
21,3434,2,2184203901330450007,0,12,12
21,3434,1,4594162771707952059,0,35,23
21,3434,0,7625923668379592734,0,59,24
21,3435,2,2184203901330450007,0,12,12
21,3435,1,4594162771707952059,0,33,21
21,3435,0,7625923668379592734,0,58,25
21,3436,2,2184203901330450007,0,12,12
21,3436,1,4594162771707952059,0,33,21
21,3436,0,7625923668379592734,0,57,24
21,3437,2,2184203901330450007,0,12,12
21,3437,1,4594162771707952059,0,32,20
21,3437,0,7625923668379592734,0,56,24
21,3438,2,2184203901330450007,0,11,11
21,3438,1,4594162771707952059,0,33,22
21,3438,0,7625923668379592734,0,57,24
21,3439,2,2184203901330450007,0,12,12
21,3439,1,4594162771707952059,0,33,21
21,3439,0,7625923668379592734,0,56,23
21,3440,2,2184203901330450007,0,12,12
21,3440,1,4594162771707952059,0,36,24
21,3440,0,7625923668379592734,0,61,25
21,3441,2,2184203901330450007,0,12,12
21,3441,1,4594162771707952059,0,36,24
21,3441,0,7625923668379592734,0,61,25
21,3442,2,2184203901330450007,0,12,12
21,3442,1,4594162771707952059,0,33,21
21,3442,0,7625923668379592734,0,57,24
21,3443,2,2184203901330450007,0,12,12
21,3443,1,4594162771707952059,0,34,22
21,3443,0,7625923668379592734,0,58,24
21,3444,2,2184203901330450007,0,12,12
21,3444,1,4594162771707952059,0,35,23
21,3444,0,7625923668379592734,0,59,24
21,3445,2,2184203901330450007,0,12,12
21,3445,1,4594162771707952059,0,33,21
21,3445,0,7625923668379592734,0,58,25
21,3446,2,2184203901330450007,0,11,11
21,3446,1,4594162771707952059,0,44,33
21,3446,0,7625923668379592734,0,65,21
21,3447,2,2184203901330450007,0,13,13
21,3447,1,4594162771707952059,0,36,23
21,3447,0,7625923668379592734,0,56,20
21,3448,2,2184203901330450007,0,12,12
21,3448,1,4594162771707952059,0,67,55
21,3448,0,7625923668379592734,0,92,25
21,3449,2,2184203901330450007,0,12,12
21,3449,1,4594162771707952059,0,32,20
21,3449,0,7625923668379592734,0,57,25
21,3450,2,2184203901330450007,0,12,12
21,3450,1,4594162771707952059,0,33,21
21,3450,0,7625923668379592734,0,57,24
21,3451,2,2184203901330450007,0,11,11
21,3451,1,4594162771707952059,0,38,27
21,3451,0,7625923668379592734,0,57,19
21,3452,2,2184203901330450007,0,15,15
21,3452,1,4594162771707952059,0,38,23
21,3452,0,7625923668379592734,0,59,21
21,3453,2,2184203901330450007,0,12,12
21,3453,1,4594162771707952059,0,35,23
21,3453,0,7625923668379592734,0,58,23
21,3454,2,2184203901330450007,0,13,13
21,3454,1,4594162771707952059,0,34,21
21,3454,0,7625923668379592734,0,57,23
21,3455,2,2184203901330450007,0,12,12
21,3455,1,4594162771707952059,0,33,21
21,3455,0,7625923668379592734,0,58,25
21,3456,2,2184203901330450007,0,12,12
21,3456,1,4594162771707952059,0,33,21
21,3456,0,7625923668379592734,0,57,24
21,3457,2,2184203901330450007,0,12,12
21,3457,1,4594162771707952059,0,33,21
21,3457,0,7625923668379592734,0,56,23
21,3458,2,2184203901330450007,0,12,12
21,3458,1,4594162771707952059,0,33,21
21,3458,0,7625923668379592734,0,58,25
21,3459,2,2184203901330450007,0,14,14
21,3459,1,4594162771707952059,0,37,23
21,3459,0,7625923668379592734,0,57,20
21,3460,2,2184203901330450007,0,13,13
21,3460,1,4594162771707952059,0,36,23
21,3460,0,7625923668379592734,0,59,23
21,3461,2,2184203901330450007,0,11,11
21,3461,1,4594162771707952059,0,33,22
21,3461,0,7625923668379592734,0,57,24
21,3462,2,2184203901330450007,0,12,12
21,3462,1,4594162771707952059,0,33,21
21,3462,0,7625923668379592734,0,57,24
21,3463,2,2184203901330450007,0,13,13
21,3463,1,4594162771707952059,0,33,20
21,3463,0,7625923668379592734,0,56,23
21,3464,2,2184203901330450007,0,12,12
21,3464,1,4594162771707952059,0,34,22
21,3464,0,7625923668379592734,0,56,22
21,3465,2,2184203901330450007,0,12,12
21,3465,1,4594162771707952059,0,34,22
21,3465,0,7625923668379592734,0,55,21
21,3466,2,2184203901330450007,0,12,12
21,3466,1,4594162771707952059,0,32,20
21,3466,0,7625923668379592734,0,57,25
21,3467,2,2184203901330450007,0,12,12
21,3467,1,4594162771707952059,0,34,22
21,3467,0,7625923668379592734,0,59,25
21,3468,2,2184203901330450007,0,20,20
21,3468,1,4594162771707952059,0,40,20
21,3468,0,7625923668379592734,0,60,20
21,3469,2,2184203901330450007,0,11,11
21,3469,1,4594162771707952059,0,33,22
21,3469,0,7625923668379592734,0,56,23
21,3470,2,2184203901330450007,0,11,11
21,3470,1,4594162771707952059,0,42,31
21,3470,0,7625923668379592734,0,60,18
21,3471,2,2184203901330450007,0,13,13
21,3471,1,4594162771707952059,0,37,24
21,3471,0,7625923668379592734,0,56,19
21,3472,2,2184203901330450007,0,14,14
21,3472,1,4594162771707952059,0,37,23
21,3472,0,7625923668379592734,0,55,18
21,3473,2,2184203901330450007,0,12,12
21,3473,1,4594162771707952059,0,33,21
21,3473,0,7625923668379592734,0,57,24
21,3474,2,2184203901330450007,0,12,12
21,3474,1,4594162771707952059,0,33,21
21,3474,0,7625923668379592734,0,58,25
21,3475,2,2184203901330450007,0,13,13
21,3475,1,4594162771707952059,0,34,21
21,3475,0,7625923668379592734,0,58,24
21,3476,2,2184203901330450007,0,12,12
21,3476,1,4594162771707952059,0,35,23
21,3476,0,7625923668379592734,0,54,19
21,3477,2,2184203901330450007,0,13,13
21,3477,1,4594162771707952059,0,35,22
21,3477,0,7625923668379592734,0,56,21
21,3478,2,2184203901330450007,0,12,12
21,3478,1,4594162771707952059,0,36,24
21,3478,0,7625923668379592734,0,55,19
21,3479,2,2184203901330450007,0,12,12
21,3479,1,4594162771707952059,0,36,24
21,3479,0,7625923668379592734,0,55,19
21,3480,2,2184203901330450007,0,12,12
21,3480,1,4594162771707952059,0,33,21
21,3480,0,7625923668379592734,0,58,25
21,3481,2,2184203901330450007,0,12,12
21,3481,1,4594162771707952059,0,35,23
21,3481,0,7625923668379592734,0,55,20
21,3482,2,2184203901330450007,0,12,12
21,3482,1,4594162771707952059,0,33,21
21,3482,0,7625923668379592734,0,58,25
21,3483,2,2184203901330450007,0,13,13
21,3483,1,4594162771707952059,0,37,24
21,3483,0,7625923668379592734,0,58,21
21,3484,2,2184203901330450007,0,15,15
21,3484,1,4594162771707952059,0,34,19
21,3484,0,7625923668379592734,0,65,31
21,3485,2,2184203901330450007,0,12,12
21,3485,1,4594162771707952059,0,36,24
21,3485,0,7625923668379592734,0,55,19
21,3486,2,2184203901330450007,0,12,12
21,3486,1,4594162771707952059,0,35,23
21,3486,0,7625923668379592734,0,55,20
21,3487,2,2184203901330450007,0,12,12
21,3487,1,4594162771707952059,0,33,21
21,3487,0,7625923668379592734,0,56,23
21,3488,2,2184203901330450007,0,11,11
21,3488,1,4594162771707952059,0,33,22
21,3488,0,7625923668379592734,0,57,24
21,3489,2,2184203901330450007,0,12,12
21,3489,1,4594162771707952059,0,36,24
21,3489,0,7625923668379592734,0,55,19
21,3490,2,2184203901330450007,0,12,12
21,3490,1,4594162771707952059,0,57,45
21,3490,0,7625923668379592734,0,81,24
21,3491,2,2184203901330450007,0,13,13
21,3491,1,4594162771707952059,0,36,23
21,3491,0,7625923668379592734,0,59,23
21,3492,2,2184203901330450007,0,12,12
21,3492,1,4594162771707952059,0,32,20
21,3492,0,7625923668379592734,0,55,23
21,3493,2,2184203901330450007,0,12,12
21,3493,1,4594162771707952059,0,33,21
21,3493,0,7625923668379592734,0,55,22
21,3494,2,2184203901330450007,0,12,12
21,3494,1,4594162771707952059,0,33,21
21,3494,0,7625923668379592734,0,52,19
21,3495,2,2184203901330450007,0,12,12
21,3495,1,4594162771707952059,0,35,23
21,3495,0,7625923668379592734,0,55,20
21,3496,2,2184203901330450007,0,14,14
21,3496,1,4594162771707952059,0,34,20
21,3496,0,7625923668379592734,0,57,23
21,3497,2,2184203901330450007,0,12,12
21,3497,1,4594162771707952059,0,36,24
21,3497,0,7625923668379592734,0,60,24
21,3498,2,2184203901330450007,0,12,12
21,3498,1,4594162771707952059,0,33,21
21,3498,0,7625923668379592734,0,57,24
21,3499,2,2184203901330450007,0,11,11
21,3499,1,4594162771707952059,0,34,23
21,3499,0,7625923668379592734,0,58,24
21,3500,2,2184203901330450007,0,12,12
21,3500,1,4594162771707952059,0,36,24
21,3500,0,7625923668379592734,0,59,23
21,3501,2,2184203901330450007,0,13,13
21,3501,1,4594162771707952059,0,37,24
21,3501,0,7625923668379592734,0,60,23
21,3502,2,2184203901330450007,0,14,14
21,3502,1,4594162771707952059,0,37,23
21,3502,0,7625923668379592734,0,55,18
21,3503,2,2184203901330450007,0,15,15
21,3503,1,4594162771707952059,0,34,19
21,3503,0,7625923668379592734,0,57,23
21,3504,2,2184203901330450007,0,12,12
21,3504,1,4594162771707952059,0,33,21
21,3504,0,7625923668379592734,0,57,24
21,3505,2,2184203901330450007,0,11,11
21,3505,1,4594162771707952059,0,33,22
21,3505,0,7625923668379592734,0,56,23
21,3506,2,2184203901330450007,0,12,12
21,3506,1,4594162771707952059,0,33,21
21,3506,0,7625923668379592734,0,58,25
21,3507,2,2184203901330450007,0,12,12
21,3507,1,4594162771707952059,0,33,21
21,3507,0,7625923668379592734,0,58,25
21,3508,2,2184203901330450007,0,12,12
21,3508,1,4594162771707952059,0,35,23
21,3508,0,7625923668379592734,0,57,22
21,3509,2,2184203901330450007,0,12,12
21,3509,1,4594162771707952059,0,35,23
21,3509,0,7625923668379592734,0,55,20
21,3510,2,2184203901330450007,0,12,12
21,3510,1,4594162771707952059,0,33,21
21,3510,0,7625923668379592734,0,57,24
21,3511,2,2184203901330450007,0,11,11
21,3511,1,4594162771707952059,0,33,22
21,3511,0,7625923668379592734,0,56,23
21,3512,2,2184203901330450007,0,12,12
21,3512,1,4594162771707952059,0,33,21
21,3512,0,7625923668379592734,0,57,24
21,3513,2,2184203901330450007,0,12,12
21,3513,1,4594162771707952059,0,35,23
21,3513,0,7625923668379592734,0,55,20
21,3514,2,2184203901330450007,0,12,12
21,3514,1,4594162771707952059,0,33,21
21,3514,0,7625923668379592734,0,56,23
21,3515,2,2184203901330450007,0,13,13
21,3515,1,4594162771707952059,0,36,23
21,3515,0,7625923668379592734,0,58,22
21,3516,2,2184203901330450007,0,12,12
21,3516,1,4594162771707952059,0,33,21
21,3516,0,7625923668379592734,0,56,23
21,3517,2,2184203901330450007,0,12,12
21,3517,1,4594162771707952059,0,34,22
21,3517,0,7625923668379592734,0,58,24
21,3518,2,2184203901330450007,0,12,12
21,3518,1,4594162771707952059,0,33,21
21,3518,0,7625923668379592734,0,57,24
21,3519,2,2184203901330450007,0,14,14
21,3519,1,4594162771707952059,0,39,25
21,3519,0,7625923668379592734,0,61,22
21,3520,2,2184203901330450007,0,12,12
21,3520,1,4594162771707952059,0,36,24
21,3520,0,7625923668379592734,0,56,20
21,3521,2,2184203901330450007,0,12,12
21,3521,1,4594162771707952059,0,30,18
21,3521,0,7625923668379592734,0,51,21
21,3522,2,2184203901330450007,0,15,15
21,3522,1,4594162771707952059,0,35,20
21,3522,0,7625923668379592734,0,66,31
21,3523,2,2184203901330450007,0,13,13
21,3523,1,4594162771707952059,0,33,20
21,3523,0,7625923668379592734,0,57,24
21,3524,2,2184203901330450007,0,12,12
21,3524,1,4594162771707952059,0,32,20
21,3524,0,7625923668379592734,0,57,25
21,3525,2,2184203901330450007,0,12,12
21,3525,1,4594162771707952059,0,33,21
21,3525,0,7625923668379592734,0,55,22
21,3526,2,2184203901330450007,0,12,12
21,3526,1,4594162771707952059,0,36,24
21,3526,0,7625923668379592734,0,55,19
21,3527,2,2184203901330450007,0,12,12
21,3527,1,4594162771707952059,0,34,22
21,3527,0,7625923668379592734,0,58,24
21,3528,2,2184203901330450007,0,12,12
21,3528,1,4594162771707952059,0,34,22
21,3528,0,7625923668379592734,0,52,18
21,3529,2,2184203901330450007,0,12,12
21,3529,1,4594162771707952059,0,33,21
21,3529,0,7625923668379592734,0,56,23
21,3530,2,2184203901330450007,0,13,13
21,3530,1,4594162771707952059,0,33,20
21,3530,0,7625923668379592734,0,55,22
21,3531,2,2184203901330450007,0,13,13
21,3531,1,4594162771707952059,0,33,20
21,3531,0,7625923668379592734,0,58,25
21,3532,2,2184203901330450007,0,12,12
21,3532,1,4594162771707952059,0,33,21
21,3532,0,7625923668379592734,0,57,24
21,3533,2,2184203901330450007,0,13,13
21,3533,1,4594162771707952059,0,35,22
21,3533,0,7625923668379592734,0,54,19
21,3534,2,2184203901330450007,0,12,12
21,3534,1,4594162771707952059,0,34,22
21,3534,0,7625923668379592734,0,55,21
21,3535,2,2184203901330450007,0,12,12
21,3535,1,4594162771707952059,0,33,21
21,3535,0,7625923668379592734,0,52,19
21,3536,2,2184203901330450007,0,12,12
21,3536,1,4594162771707952059,0,32,20
21,3536,0,7625923668379592734,0,58,26
21,3537,2,2184203901330450007,0,12,12
21,3537,1,4594162771707952059,0,33,21
21,3537,0,7625923668379592734,0,56,23
21,3538,2,2184203901330450007,0,12,12
21,3538,1,4594162771707952059,0,36,24
21,3538,0,7625923668379592734,0,59,23
21,3539,2,2184203901330450007,0,13,13
21,3539,1,4594162771707952059,0,37,24
21,3539,0,7625923668379592734,0,56,19
21,3540,2,2184203901330450007,0,12,12
21,3540,1,4594162771707952059,0,33,21
21,3540,0,7625923668379592734,0,52,19
21,3541,2,2184203901330450007,0,12,12
21,3541,1,4594162771707952059,0,34,22
21,3541,0,7625923668379592734,0,55,21
21,3542,2,2184203901330450007,0,12,12
21,3542,1,4594162771707952059,0,33,21
21,3542,0,7625923668379592734,0,55,22
21,3543,2,2184203901330450007,0,13,13
21,3543,1,4594162771707952059,0,33,20
21,3543,0,7625923668379592734,0,56,23
21,3544,2,2184203901330450007,0,11,11
21,3544,1,4594162771707952059,0,36,25
21,3544,0,7625923668379592734,0,55,19
21,3545,2,2184203901330450007,0,12,12
21,3545,1,4594162771707952059,0,35,23
21,3545,0,7625923668379592734,0,58,23
21,3546,2,2184203901330450007,0,12,12
21,3546,1,4594162771707952059,0,36,24
21,3546,0,7625923668379592734,0,57,21
21,3547,2,2184203901330450007,0,12,12
21,3547,1,4594162771707952059,0,33,21
21,3547,0,7625923668379592734,0,58,25
21,3548,2,2184203901330450007,0,20,20
21,3548,1,4594162771707952059,0,40,20
21,3548,0,7625923668379592734,0,60,20
21,3549,2,2184203901330450007,0,18,18
21,3549,1,4594162771707952059,0,41,23
21,3549,0,7625923668379592734,0,63,22
21,3550,2,2184203901330450007,0,12,12
21,3550,1,4594162771707952059,0,35,23
21,3550,0,7625923668379592734,0,55,20
21,3551,2,2184203901330450007,0,13,13
21,3551,1,4594162771707952059,0,34,21
21,3551,0,7625923668379592734,0,54,20
21,3552,2,2184203901330450007,0,12,12
21,3552,1,4594162771707952059,0,35,23
21,3552,0,7625923668379592734,0,56,21
21,3553,2,2184203901330450007,0,12,12
21,3553,1,4594162771707952059,0,33,21
21,3553,0,7625923668379592734,0,56,23
21,3554,2,2184203901330450007,0,12,12
21,3554,1,4594162771707952059,0,33,21
21,3554,0,7625923668379592734,0,57,24
21,3555,2,2184203901330450007,0,12,12
21,3555,1,4594162771707952059,0,34,22
21,3555,0,7625923668379592734,0,59,25
21,3556,2,2184203901330450007,0,12,12
21,3556,1,4594162771707952059,0,30,18
21,3556,0,7625923668379592734,0,54,24
21,3557,2,2184203901330450007,0,12,12
21,3557,1,4594162771707952059,0,36,24
21,3557,0,7625923668379592734,0,60,24
21,3558,2,2184203901330450007,0,13,13
21,3558,1,4594162771707952059,0,30,17
21,3558,0,7625923668379592734,0,56,26
21,3559,2,2184203901330450007,0,12,12
21,3559,1,4594162771707952059,0,33,21
21,3559,0,7625923668379592734,0,57,24
21,3560,2,2184203901330450007,0,12,12
21,3560,1,4594162771707952059,0,33,21
21,3560,0,7625923668379592734,0,58,25
21,3561,2,2184203901330450007,0,12,12
21,3561,1,4594162771707952059,0,31,19
21,3561,0,7625923668379592734,0,51,20
21,3562,2,2184203901330450007,0,12,12
21,3562,1,4594162771707952059,0,33,21
21,3562,0,7625923668379592734,0,57,24
21,3563,2,2184203901330450007,0,12,12
21,3563,1,4594162771707952059,0,33,21
21,3563,0,7625923668379592734,0,57,24
21,3564,2,2184203901330450007,0,12,12
21,3564,1,4594162771707952059,0,33,21
21,3564,0,7625923668379592734,0,55,22
21,3565,2,2184203901330450007,0,12,12
21,3565,1,4594162771707952059,0,33,21
21,3565,0,7625923668379592734,0,79,46
21,3566,2,2184203901330450007,0,12,12
21,3566,1,4594162771707952059,0,34,22
21,3566,0,7625923668379592734,0,55,21
21,3567,2,2184203901330450007,0,12,12
21,3567,1,4594162771707952059,0,36,24
21,3567,0,7625923668379592734,0,61,25
21,3568,2,2184203901330450007,0,12,12
21,3568,1,4594162771707952059,0,35,23
21,3568,0,7625923668379592734,0,59,24
21,3569,2,2184203901330450007,0,14,14
21,3569,1,4594162771707952059,0,34,20
21,3569,0,7625923668379592734,0,59,25
21,3570,2,2184203901330450007,0,15,15
21,3570,1,4594162771707952059,0,36,21
21,3570,0,7625923668379592734,0,60,24
21,3571,2,2184203901330450007,0,12,12
21,3571,1,4594162771707952059,0,33,21
21,3571,0,7625923668379592734,0,58,25
21,3572,2,2184203901330450007,0,12,12
21,3572,1,4594162771707952059,0,33,21
21,3572,0,7625923668379592734,0,55,22
21,3573,2,2184203901330450007,0,12,12
21,3573,1,4594162771707952059,0,36,24
21,3573,0,7625923668379592734,0,55,19
21,3574,2,2184203901330450007,0,12,12
21,3574,1,4594162771707952059,0,33,21
21,3574,0,7625923668379592734,0,57,24
21,3575,2,2184203901330450007,0,12,12
21,3575,1,4594162771707952059,0,35,23
21,3575,0,7625923668379592734,0,59,24
21,3576,2,2184203901330450007,0,12,12
21,3576,1,4594162771707952059,0,35,23
21,3576,0,7625923668379592734,0,55,20
21,3577,2,2184203901330450007,0,12,12
21,3577,1,4594162771707952059,0,32,20
21,3577,0,7625923668379592734,0,57,25
21,3578,2,2184203901330450007,0,12,12
21,3578,1,4594162771707952059,0,33,21
21,3578,0,7625923668379592734,0,58,25
21,3579,2,2184203901330450007,0,12,12
21,3579,1,4594162771707952059,0,33,21
21,3579,0,7625923668379592734,0,56,23
21,3580,2,2184203901330450007,0,13,13
21,3580,1,4594162771707952059,0,33,20
21,3580,0,7625923668379592734,0,61,28
21,3581,2,2184203901330450007,0,46,46
21,3581,1,4594162771707952059,0,68,22
21,3581,0,7625923668379592734,0,86,18
21,3582,2,2184203901330450007,0,12,12
21,3582,1,4594162771707952059,0,34,22
21,3582,0,7625923668379592734,0,57,23
21,3583,2,2184203901330450007,0,13,13
21,3583,1,4594162771707952059,0,33,20
21,3583,0,7625923668379592734,0,57,24
21,3584,2,2184203901330450007,0,11,11
21,3584,1,4594162771707952059,0,33,22
21,3584,0,7625923668379592734,0,57,24
21,3585,2,2184203901330450007,0,12,12
21,3585,1,4594162771707952059,0,33,21
21,3585,0,7625923668379592734,0,57,24
21,3586,2,2184203901330450007,0,13,13
21,3586,1,4594162771707952059,0,34,21
21,3586,0,7625923668379592734,0,59,25
21,3587,2,2184203901330450007,0,13,13
21,3587,1,4594162771707952059,0,34,21
21,3587,0,7625923668379592734,0,56,22
21,3588,2,2184203901330450007,0,18,18
21,3588,1,4594162771707952059,0,60,42
21,3588,0,7625923668379592734,0,78,18
21,3589,2,2184203901330450007,0,12,12
21,3589,1,4594162771707952059,0,32,20
21,3589,0,7625923668379592734,0,58,26
21,3590,2,2184203901330450007,0,13,13
21,3590,1,4594162771707952059,0,35,22
21,3590,0,7625923668379592734,0,55,20
21,3591,2,2184203901330450007,0,12,12
21,3591,1,4594162771707952059,0,32,20
21,3591,0,7625923668379592734,0,56,24
21,3592,2,2184203901330450007,0,13,13
21,3592,1,4594162771707952059,0,33,20
21,3592,0,7625923668379592734,0,56,23
21,3593,2,2184203901330450007,0,20,20
21,3593,1,4594162771707952059,0,40,20
21,3593,0,7625923668379592734,0,63,23
21,3594,2,2184203901330450007,0,16,16
21,3594,1,4594162771707952059,0,39,23
21,3594,0,7625923668379592734,0,56,17
21,3595,2,2184203901330450007,0,13,13
21,3595,1,4594162771707952059,0,33,20
21,3595,0,7625923668379592734,0,56,23
21,3596,2,2184203901330450007,0,12,12
21,3596,1,4594162771707952059,0,33,21
21,3596,0,7625923668379592734,0,58,25
21,3597,2,2184203901330450007,0,12,12
21,3597,1,4594162771707952059,0,32,20
21,3597,0,7625923668379592734,0,57,25
21,3598,2,2184203901330450007,0,13,13
21,3598,1,4594162771707952059,0,33,20
21,3598,0,7625923668379592734,0,56,23
21,3599,2,2184203901330450007,0,13,13
21,3599,1,4594162771707952059,0,34,21
21,3599,0,7625923668379592734,0,54,20
21,3600,2,2184203901330450007,0,12,12
21,3600,1,4594162771707952059,0,34,22
21,3600,0,7625923668379592734,0,58,24
21,3601,2,2184203901330450007,0,12,12
21,3601,1,4594162771707952059,0,35,23
21,3601,0,7625923668379592734,0,59,24
21,3602,2,2184203901330450007,0,13,13
21,3602,1,4594162771707952059,0,33,20
21,3602,0,7625923668379592734,0,56,23
21,3603,2,2184203901330450007,0,12,12
21,3603,1,4594162771707952059,0,33,21
21,3603,0,7625923668379592734,0,56,23
21,3604,2,2184203901330450007,0,12,12
21,3604,1,4594162771707952059,0,33,21
21,3604,0,7625923668379592734,0,56,23
21,3605,2,2184203901330450007,0,12,12
21,3605,1,4594162771707952059,0,37,25
21,3605,0,7625923668379592734,0,62,25
21,3606,2,2184203901330450007,0,13,13
21,3606,1,4594162771707952059,0,36,23
21,3606,0,7625923668379592734,0,54,18
21,3607,2,2184203901330450007,0,12,12
21,3607,1,4594162771707952059,0,34,22
21,3607,0,7625923668379592734,0,56,22
21,3608,2,2184203901330450007,0,12,12
21,3608,1,4594162771707952059,0,32,20
21,3608,0,7625923668379592734,0,57,25
21,3609,2,2184203901330450007,0,12,12
21,3609,1,4594162771707952059,0,34,22
21,3609,0,7625923668379592734,0,55,21
21,3610,2,2184203901330450007,0,12,12
21,3610,1,4594162771707952059,0,34,22
21,3610,0,7625923668379592734,0,57,23
21,3611,2,2184203901330450007,0,12,12
21,3611,1,4594162771707952059,0,34,22
21,3611,0,7625923668379592734,0,55,21
21,3612,2,2184203901330450007,0,12,12
21,3612,1,4594162771707952059,0,35,23
21,3612,0,7625923668379592734,0,55,20
21,3613,2,2184203901330450007,0,12,12
21,3613,1,4594162771707952059,0,33,21
21,3613,0,7625923668379592734,0,56,23
21,3614,2,2184203901330450007,0,12,12
21,3614,1,4594162771707952059,0,33,21
21,3614,0,7625923668379592734,0,56,23
21,3615,2,2184203901330450007,0,12,12
21,3615,1,4594162771707952059,0,35,23
21,3615,0,7625923668379592734,0,55,20
21,3616,2,2184203901330450007,0,12,12
21,3616,1,4594162771707952059,0,33,21
21,3616,0,7625923668379592734,0,58,25
21,3617,2,2184203901330450007,0,12,12
21,3617,1,4594162771707952059,0,33,21
21,3617,0,7625923668379592734,0,57,24
21,3618,2,2184203901330450007,0,12,12
21,3618,1,4594162771707952059,0,35,23
21,3618,0,7625923668379592734,0,55,20
